,0,1,2,3,4,5,6,7,8,9,10,11,12,13,14,15,16,17,18,19,20,21,22,23,24,25,26,27,28,29,30,31,32,33,34,35
0,0.9531662464141846,0.7905702590942383,0.43045616149902344,0.37206101417541504,,,,,,,,,,,,,,
1,1.0283145904541016,0.8687479496002197,0.39563822746276855,0.08490109443664551,,,,,,,,,,,,,,
2,0.9270312786102295,0.7134096622467041,0.38581347465515137,0.3309903144836426,,,,,,,,,,,,,,
3,0.8568332195281982,0.7315218448638916,0.3886399269104004,0.32728123664855957,,,,,,,,,,,,,,
4,0.9641978740692139,0.7084612846374512,0.3867607116699219,0.3286147117614746,,,,,,,,,,,,,,
5,1.0232737064361572,0.8377742767333984,0.3798558712005615,0.08553028106689453,,,,,,,,,,,,,,
6,0.9980206489562988,0.8597030639648438,0.3791625499725342,0.08522582054138184,,,,,,,,,,,,,,
7,1.1549391746520996,0.8394415378570557,0.3786754608154297,0.08541607856750488,,,,,,,,,,,,,,
8,1.0079126358032227,0.8734400272369385,0.37868547439575195,0.1091458797454834,,,,,,,,,,,,,,
9,0.979320764541626,0.7058660984039307,0.38466715812683105,0.33246922492980957,,,,,,,,,,,,,,
10,1.0321002006530762,0.8601131439208984,0.3795301914215088,0.08522677421569824,,,,,,,,,,,,,,
11,0.9982631206512451,0.8628816604614258,0.37859320640563965,0.08532857894897461,,,,,,,,,,,,,,
12,0.9997570514678955,0.7043054103851318,0.3848116397857666,0.3308572769165039,,,,,,,,,,,,,,
13,1.004859209060669,0.8346834182739258,0.4044210910797119,0.08536314964294434,,,,,,,,,,,,,,
14,0.9951145648956299,0.9372212886810303,0.38540148735046387,0.08553361892700195,,,,,,,,,,,,,,
15,0.8615267276763916,0.7281737327575684,0.38620877265930176,0.32616424560546875,,,,,,,,,,,,,,
16,1.001079797744751,0.8552193641662598,0.37757182121276855,0.08542966842651367,,,,,,,,,,,,,,
17,0.8726131916046143,0.7007553577423096,0.38829779624938965,0.32633209228515625,,,,,,,,,,,,,,
18,0.8573441505432129,0.7356748580932617,0.4042072296142578,0.3637545108795166,,,,,,,,,,,,,,
19,0.9944372177124023,0.8416872024536133,0.3798708915710449,0.08517193794250488,,,,,,,,,,,,,,
20,1.0043444633483887,0.8345954418182373,0.38156938552856445,0.08615922927856445,,,,,,,,,,,,,,
21,0.876995325088501,0.7007551193237305,0.3854072093963623,0.4182093143463135,,,,,,,,,,,,,,
22,0.8883883953094482,0.701974630355835,0.3864562511444092,0.3495960235595703,,,,,,,,,,,,,,
23,1.0193729400634766,0.8344759941101074,0.399308443069458,0.08510279655456543,,,,,,,,,,,,,,
24,1.0199182033538818,0.8410320281982422,0.38010334968566895,0.08547639846801758,,,,,,,,,,,,,,
25,0.8617067337036133,0.7032945156097412,0.38474392890930176,0.34935951232910156,,,,,,,,,,,,,,
26,0.9989957809448242,0.8159255981445312,0.3919956684112549,0.08288741111755371,,,,,,,,,,,,,,
27,0.892155647277832,0.6863243579864502,0.3817558288574219,0.31844568252563477,,,,,,,,,,,,,,
28,0.9897885322570801,0.8151974678039551,0.371227502822876,0.08331823348999023,,,,,,,,,,,,,,
29,0.9733102321624756,0.8531317710876465,0.3691568374633789,0.0830838680267334,,,,,,,,,,,,,,
30,0.8378162384033203,0.6900594234466553,0.37641072273254395,0.3218963146209717,,,,,,,,,,,,,,
31,1.0168962478637695,0.8558781147003174,0.3872239589691162,0.08545541763305664,,,,,,,,,,,,,,
32,1.044485092163086,0.8237671852111816,0.3705165386199951,0.08421897888183594,,,,,,,,,,,,,,
33,0.9758930206298828,0.8400733470916748,0.3685181140899658,0.0836789608001709,,,,,,,,,,,,,,
34,0.9327964782714844,0.6878213882446289,0.38047266006469727,0.32344651222229004,,,,,,,,,,,,,,
35,0.9809274673461914,0.8183510303497314,0.3707292079925537,0.08349061012268066,,,,,,,,,,,,,,
36,0.9724247455596924,0.8162329196929932,0.370074987411499,0.08301615715026855,,,,,,,,,,,,,,
37,0.8471782207489014,0.688204288482666,0.3757319450378418,0.31986379623413086,,,,,,,,,,,,,,
38,0.9897847175598145,0.8155345916748047,0.3713064193725586,0.08283686637878418,,,,,,,,,,,,,,
39,0.9718306064605713,0.8425014019012451,0.3768775463104248,0.0844728946685791,,,,,,,,,,,,,,
40,0.8641347885131836,0.709080696105957,0.3735487461090088,0.3176102638244629,,,,,,,,,,,,,,
41,0.837289571762085,0.688204288482666,0.4720799922943115,0.3211174011230469,,,,,,,,,,,,,,
42,0.9836432933807373,0.8413219451904297,0.3710975646972656,0.08303451538085938,,,,,,,,,,,,,,
43,0.9811792373657227,0.8145418167114258,0.39711523056030273,0.08333039283752441,,,,,,,,,,,,,,
44,1.0014958381652832,0.8189928531646729,0.36962080001831055,0.08277511596679688,,,,,,,,,,,,,,
45,0.9927513599395752,0.8445689678192139,0.3790924549102783,0.08504676818847656,,,,,,,,,,,,,,
46,0.9971928596496582,0.8300445079803467,0.37088751792907715,0.08288335800170898,,,,,,,,,,,,,,
47,0.8479833602905273,0.7089893817901611,0.37956809997558594,0.3188743591308594,,,,,,,,,,,,,,
48,0.8599827289581299,0.6904094219207764,0.3737645149230957,0.317873477935791,,,,,,,,,,,,,,
49,0.9505541324615479,0.6843857765197754,0.3788924217224121,0.32091403007507324,,,,,,,,,,,,,,
0,1.476689100265503,1.8315343856811523,1.0629007816314697,0.6743865013122559,0.4183995723724365,0.0638730525970459,,,,,,,,,,,,
1,1.1680808067321777,1.1730563640594482,0.5659794807434082,0.06610727310180664,,,,,,,,,,,,,,
2,1.2177014350891113,1.2344369888305664,0.4633617401123047,0.10671877861022949,,,,,,,,,,,,,,
3,1.1934897899627686,1.0922369956970215,0.952725887298584,0.3939366340637207,0.07549071311950684,,,,,,,,,,,,,
4,1.1948227882385254,1.0658996105194092,0.7957887649536133,0.8117091655731201,0.4033193588256836,,,,,,,,,,,,,
5,1.1989514827728271,1.3914048671722412,1.0533239841461182,0.8464815616607666,0.404766321182251,0.2007613182067871,,,,,,,,,,,,
6,1.1911287307739258,1.4967644214630127,1.005354642868042,0.7575356960296631,0.5573182106018066,0.22006702423095703,,,,,,,,,,,,
7,1.3528757095336914,1.4498569965362549,0.4283297061920166,0.07158207893371582,,,,,,,,,,,,,,
8,1.071216344833374,0.9739117622375488,0.3758242130279541,0.06778430938720703,,,,,,,,,,,,,,
9,1.1763145923614502,1.4854238033294678,0.501732587814331,0.09491086006164551,,,,,,,,,,,,,,
10,1.1834526062011719,1.2344036102294922,0.4422304630279541,0.06653904914855957,,,,,,,,,,,,,,
11,1.251188039779663,1.182861089706421,0.542884349822998,0.06601214408874512,,,,,,,,,,,,,,
12,1.142425537109375,1.6379454135894775,0.5957369804382324,0.10619425773620605,,,,,,,,,,,,,,
13,1.246849536895752,1.5784821510314941,1.1960084438323975,1.0237724781036377,0.880551815032959,0.7594473361968994,0.4491612911224365,,,,,,,,,,,
14,1.1659972667694092,1.3546485900878906,1.296280860900879,0.7016003131866455,0.35458993911743164,0.06506633758544922,,,,,,,,,,,,
15,1.2357559204101562,1.637603521347046,1.7700121402740479,1.6621477603912354,0.5954041481018066,0.3262040615081787,0.07281255722045898,,,,,,,,,,,
16,1.2186124324798584,1.0704052448272705,0.7935903072357178,0.6699376106262207,0.38062381744384766,,,,,,,,,,,,,
17,1.231987476348877,1.0873191356658936,1.0054008960723877,0.3319365978240967,,,,,,,,,,,,,,
18,1.1328935623168945,1.0188803672790527,0.9691314697265625,0.5591058731079102,0.1531832218170166,,,,,,,,,,,,,
19,1.187638759613037,0.9748053550720215,0.8806743621826172,0.4313030242919922,0.09784173965454102,,,,,,,,,,,,,
20,1.2182948589324951,1.273271083831787,1.2884132862091064,0.6264376640319824,0.06712818145751953,,,,,,,,,,,,,
21,1.175844430923462,1.0227384567260742,0.5130536556243896,0.0691368579864502,,,,,,,,,,,,,,
22,1.132359504699707,1.1286029815673828,0.8969862461090088,0.48552989959716797,0.12857937812805176,,,,,,,,,,,,,
23,1.155315637588501,1.13954758644104,0.49329376220703125,0.11513233184814453,,,,,,,,,,,,,,
24,1.152186632156372,1.1950242519378662,0.6540975570678711,0.3197488784790039,,,,,,,,,,,,,,
25,1.1385269165039062,1.4054713249206543,0.5592694282531738,0.06406426429748535,,,,,,,,,,,,,,
26,1.1494574546813965,1.4050827026367188,0.630363941192627,0.06485939025878906,,,,,,,,,,,,,,
27,1.2493715286254883,1.4588813781738281,1.0948231220245361,0.6749463081359863,0.6011180877685547,0.3308131694793701,0.08332586288452148,,,,,,,,,,,
28,1.0685443878173828,1.015688419342041,0.6845579147338867,0.37972426414489746,0.5834686756134033,0.2767367362976074,0.11222457885742188,,,,,,,,,,,
29,1.1491308212280273,1.067708969116211,0.8206017017364502,0.8735370635986328,0.5008647441864014,,,,,,,,,,,,,
30,1.1664581298828125,1.163299560546875,0.9012038707733154,0.4668254852294922,0.16864514350891113,,,,,,,,,,,,,
31,1.2161109447479248,1.109405517578125,1.060967206954956,0.2404170036315918,,,,,,,,,,,,,,
32,1.1338000297546387,0.7631170749664307,0.37042975425720215,0.06637835502624512,,,,,,,,,,,,,,
33,1.1474525928497314,1.0694079399108887,0.6696879863739014,0.4163634777069092,0.06223177909851074,,,,,,,,,,,,,
34,1.1640961170196533,0.9906637668609619,1.0266566276550293,0.9804191589355469,0.8680367469787598,0.6075549125671387,0.16822195053100586,,,,,,,,,,,
35,1.089010238647461,1.493417501449585,0.9809098243713379,0.8431706428527832,1.0131785869598389,0.35730457305908203,0.08226943016052246,,,,,,,,,,,
36,1.1260285377502441,1.2048323154449463,0.5005371570587158,0.06400203704833984,,,,,,,,,,,,,,
37,1.1302931308746338,1.1490960121154785,0.49059200286865234,0.13429975509643555,,,,,,,,,,,,,,
38,1.1286919116973877,0.7588551044464111,0.5011780261993408,0.06392192840576172,,,,,,,,,,,,,,
39,1.1420726776123047,1.077571153640747,0.4619474411010742,0.07182645797729492,,,,,,,,,,,,,,
40,1.2144460678100586,1.2930707931518555,0.5746002197265625,0.06380915641784668,,,,,,,,,,,,,,
41,1.1381714344024658,1.0793371200561523,0.3761622905731201,0.06219363212585449,,,,,,,,,,,,,,
42,1.1427669525146484,1.1338882446289062,0.7216224670410156,0.43108296394348145,0.06236624717712402,,,,,,,,,,,,,
43,1.1541340351104736,1.1274003982543945,0.5787651538848877,0.08304882049560547,,,,,,,,,,,,,,
44,1.347881555557251,1.228031873703003,0.40944385528564453,,,,,,,,,,,,,,,
45,1.1293761730194092,0.7595927715301514,0.3690018653869629,0.06373000144958496,,,,,,,,,,,,,,
46,1.1308128833770752,1.5466856956481934,1.8110604286193848,1.4850401878356934,0.6025593280792236,0.36840367317199707,0.07138609886169434,,,,,,,,,,,
47,1.147277593612671,0.8541502952575684,0.5829648971557617,0.08856391906738281,,,,,,,,,,,,,,
48,1.2167861461639404,1.1075921058654785,0.5585432052612305,0.07013583183288574,,,,,,,,,,,,,,
49,1.235543966293335,0.7299630641937256,0.401198148727417,0.06484532356262207,,,,,,,,,,,,,,
0,1.2066318988800049,1.4695355892181396,1.1006271839141846,0.5960659980773926,0.2777245044708252,,,,,,,,,,,,,
1,1.18361496925354,0.4521198272705078,0.07675528526306152,,,,,,,,,,,,,,,
2,1.1530847549438477,0.44252681732177734,0.07496953010559082,,,,,,,,,,,,,,,
3,1.0522780418395996,1.2623167037963867,0.9582207202911377,0.5751070976257324,0.27603936195373535,,,,,,,,,,,,,
4,1.0637874603271484,1.2614049911499023,0.9601290225982666,0.5768132209777832,0.42194437980651855,,,,,,,,,,,,,
5,1.0677204132080078,1.2935333251953125,0.9357883930206299,0.596799373626709,0.3005647659301758,,,,,,,,,,,,,
6,1.2315003871917725,0.43805813789367676,0.09779930114746094,,,,,,,,,,,,,,,
7,1.1317439079284668,0.46822309494018555,0.07582759857177734,,,,,,,,,,,,,,,
8,1.1563568115234375,0.43875646591186523,0.09734106063842773,,,,,,,,,,,,,,,
9,1.028388500213623,1.2685625553131104,0.9363574981689453,0.5772857666015625,0.27446675300598145,,,,,,,,,,,,,
10,1.1260499954223633,0.4382293224334717,0.07468748092651367,,,,,,,,,,,,,,,
11,1.2354815006256104,0.43706369400024414,0.07585644721984863,,,,,,,,,,,,,,,
12,1.1293225288391113,0.4597759246826172,0.07475662231445312,,,,,,,,,,,,,,,
13,1.216609239578247,0.4383714199066162,0.07532596588134766,,,,,,,,,,,,,,,
14,1.0389678478240967,1.3740034103393555,0.9373660087585449,0.5767767429351807,0.2763068675994873,,,,,,,,,,,,,
15,1.027153491973877,1.2573797702789307,0.9403698444366455,0.5767390727996826,0.277529239654541,,,,,,,,,,,,,
16,1.0331079959869385,1.2587611675262451,0.9413211345672607,0.5774824619293213,0.27588558197021484,,,,,,,,,,,,,
17,1.0375676155090332,1.2570619583129883,0.9579305648803711,0.5784151554107666,0.2768571376800537,,,,,,,,,,,,,
18,1.1351029872894287,0.4374561309814453,0.07480883598327637,,,,,,,,,,,,,,,
19,1.1348867416381836,1.269723653793335,0.9412541389465332,0.5780718326568604,0.28581809997558594,,,,,,,,,,,,,
20,1.1685304641723633,1.2645909786224365,0.9315211772918701,0.5764031410217285,0.2773911952972412,,,,,,,,,,,,,
21,1.1175875663757324,1.2710704803466797,0.9519782066345215,0.5988082885742188,0.27881765365600586,,,,,,,,,,,,,
22,1.1209149360656738,0.4394187927246094,0.07393884658813477,,,,,,,,,,,,,,,
23,1.129713535308838,0.4693288803100586,0.0745534896850586,,,,,,,,,,,,,,,
24,1.117722511291504,1.2689423561096191,0.9353411197662354,0.5754423141479492,0.276869535446167,,,,,,,,,,,,,
25,1.124056339263916,0.4399397373199463,0.07515764236450195,,,,,,,,,,,,,,,
26,1.0319807529449463,1.2934815883636475,0.9544754028320312,0.5742175579071045,0.2764401435852051,,,,,,,,,,,,,
27,1.138465166091919,0.4398818016052246,0.07525205612182617,,,,,,,,,,,,,,,
28,1.129955768585205,0.43743467330932617,0.07447981834411621,,,,,,,,,,,,,,,
29,1.162217140197754,0.4423339366912842,0.07421469688415527,,,,,,,,,,,,,,,
30,1.0288536548614502,1.26871657371521,0.953239917755127,0.5798873901367188,0.27463579177856445,,,,,,,,,,,,,
31,1.0252492427825928,1.3590352535247803,0.9358627796173096,0.5758497714996338,0.27513933181762695,,,,,,,,,,,,,
32,1.144390344619751,0.4486215114593506,0.07660984992980957,,,,,,,,,,,,,,,
33,1.0909385681152344,1.2954001426696777,1.0067551136016846,0.5926566123962402,0.2841379642486572,,,,,,,,,,,,,
34,1.2650609016418457,0.4503517150878906,0.07698345184326172,,,,,,,,,,,,,,,
35,1.055830478668213,1.3086116313934326,0.9602539539337158,0.6015427112579346,0.28065943717956543,,,,,,,,,,,,,
36,1.163010835647583,0.43717050552368164,0.07473897933959961,,,,,,,,,,,,,,,
37,1.0406241416931152,1.2677369117736816,0.9284734725952148,0.5823607444763184,0.274580717086792,,,,,,,,,,,,,
38,1.07358980178833,1.2587203979492188,0.9611732959747314,0.6034832000732422,0.2785172462463379,,,,,,,,,,,,,
39,1.1837632656097412,1.280590295791626,0.953815221786499,0.5735161304473877,0.27445459365844727,,,,,,,,,,,,,
40,1.1205182075500488,0.4416313171386719,0.07628893852233887,,,,,,,,,,,,,,,
41,1.0274899005889893,1.2772197723388672,0.9656872749328613,0.5758793354034424,0.2742958068847656,,,,,,,,,,,,,
42,1.0304393768310547,1.2539517879486084,1.036527395248413,0.5747153759002686,0.27439403533935547,,,,,,,,,,,,,
43,1.1275453567504883,0.4369168281555176,0.07467985153198242,,,,,,,,,,,,,,,
44,1.1653156280517578,1.3017089366912842,0.9482240676879883,0.6175665855407715,0.2727072238922119,,,,,,,,,,,,,
45,1.1614561080932617,0.4338035583496094,0.0743095874786377,,,,,,,,,,,,,,,
46,1.0828261375427246,1.2744791507720947,0.9261987209320068,0.5699176788330078,0.27220892906188965,,,,,,,,,,,,,
47,1.053358554840088,1.2689502239227295,0.9463093280792236,0.5738775730133057,0.27257823944091797,,,,,,,,,,,,,
48,1.0726096630096436,1.318183183670044,0.9680991172790527,0.5684101581573486,0.2726173400878906,,,,,,,,,,,,,
49,1.04850172996521,1.2919824123382568,0.9654607772827148,0.5721805095672607,0.2955138683319092,,,,,,,,,,,,,
0,1.4804174900054932,1.1302692890167236,1.1100621223449707,0.9987337589263916,1.051767349243164,1.0094590187072754,0.8954160213470459,0.8884658813476562,0.586306095123291,0.9690268039703369,0.8326804637908936,0.7085907459259033,0.5308191776275635,0.16280388832092285,,,,
1,1.1914784908294678,1.658036231994629,0.872117280960083,0.6255156993865967,0.30510735511779785,,,,,,,,,,,,,
2,1.1935577392578125,1.1860792636871338,0.9586360454559326,1.1333787441253662,0.9166686534881592,0.5379784107208252,0.06411600112915039,,,,,,,,,,,
3,1.2020695209503174,0.8010530471801758,0.38593053817749023,0.06621623039245605,,,,,,,,,,,,,,
4,1.2507104873657227,1.0330708026885986,0.517066478729248,0.09639716148376465,,,,,,,,,,,,,,
5,1.2715322971343994,1.6301970481872559,1.818655014038086,0.4045422077178955,0.06625080108642578,,,,,,,,,,,,,
6,1.146496295928955,1.7589104175567627,0.9961967468261719,1.1672618389129639,0.5851163864135742,0.38248586654663086,0.07353830337524414,,,,,,,,,,,
7,1.305985450744629,1.391338586807251,0.580059289932251,0.06677651405334473,,,,,,,,,,,,,,
8,1.208963394165039,1.2006800174713135,1.1182146072387695,0.9457638263702393,0.7413232326507568,0.41930413246154785,0.06339764595031738,,,,,,,,,,,
9,1.20674467086792,1.1847844123840332,0.6059825420379639,0.31826233863830566,,,,,,,,,,,,,,
10,1.4487621784210205,1.1233630180358887,1.0239534378051758,0.7042205333709717,0.23504638671875,,,,,,,,,,,,,
11,1.1389539241790771,1.6498377323150635,1.9004712104797363,1.7549481391906738,0.6251859664916992,0.3308999538421631,0.13424229621887207,,,,,,,,,,,
12,1.1794734001159668,1.056255578994751,0.7744975090026855,0.3831639289855957,0.3556346893310547,0.06086325645446777,,,,,,,,,,,,
13,1.149695873260498,0.7433919906616211,0.4249584674835205,0.06503844261169434,,,,,,,,,,,,,,
14,1.186554193496704,1.097442865371704,0.5814282894134521,0.07074379920959473,,,,,,,,,,,,,,
15,1.0652351379394531,1.0124762058258057,1.1405465602874756,0.6675140857696533,0.32303571701049805,,,,,,,,,,,,,
16,1.1162521839141846,1.423276662826538,1.6684682369232178,1.577669382095337,0.59621262550354,0.35428690910339355,0.11240100860595703,,,,,,,,,,,
17,1.2032177448272705,1.3506016731262207,0.46961283683776855,0.06446981430053711,,,,,,,,,,,,,,
18,1.1687288284301758,1.1569275856018066,0.43564271926879883,0.08928918838500977,,,,,,,,,,,,,,
19,1.1777491569519043,1.1526799201965332,0.8820416927337646,0.5376107692718506,0.69384765625,0.6753578186035156,0.21410346031188965,,,,,,,,,,,
20,1.1537437438964844,1.1525068283081055,0.4907255172729492,0.09338259696960449,,,,,,,,,,,,,,
21,1.1303775310516357,1.059572458267212,0.5503203868865967,,,,,,,,,,,,,,,
22,1.1132111549377441,1.6324262619018555,1.7485194206237793,1.5539429187774658,0.5659265518188477,0.3236520290374756,0.06135129928588867,,,,,,,,,,,
23,1.1522281169891357,1.0712532997131348,0.6251976490020752,0.06427574157714844,,,,,,,,,,,,,,
24,1.1869473457336426,1.7178928852081299,1.0492215156555176,1.0546791553497314,1.2630507946014404,1.0084986686706543,0.7015340328216553,0.1985764503479004,,,,,,,,,,
25,1.1524097919464111,1.4696099758148193,1.620607614517212,1.4537606239318848,1.173811912536621,0.9620938301086426,0.5278780460357666,0.2240293025970459,,,,,,,,,,
26,1.1029770374298096,1.393805742263794,0.40215063095092773,0.0625314712524414,,,,,,,,,,,,,,
27,1.1527137756347656,1.390742301940918,0.45694947242736816,0.0686333179473877,,,,,,,,,,,,,,
28,1.1753489971160889,1.7170939445495605,0.584618091583252,0.06369924545288086,,,,,,,,,,,,,,
29,1.1512391567230225,1.1394319534301758,0.5813479423522949,0.06618690490722656,,,,,,,,,,,,,,
30,1.1094796657562256,1.1655921936035156,1.2746174335479736,0.36286306381225586,0.06469345092773438,,,,,,,,,,,,,
31,1.1599674224853516,0.764693021774292,0.48548460006713867,0.06420588493347168,,,,,,,,,,,,,,
32,1.143463373184204,1.2197778224945068,0.9289534091949463,0.6208221912384033,0.3695499897003174,0.06275320053100586,,,,,,,,,,,,
33,1.147428274154663,1.562751293182373,1.750927209854126,0.3629603385925293,0.06249856948852539,,,,,,,,,,,,,
34,1.1633999347686768,0.7415332794189453,0.4309401512145996,0.12380313873291016,,,,,,,,,,,,,,
35,1.2023873329162598,1.160125732421875,0.9251117706298828,0.6187436580657959,0.34506750106811523,0.07079458236694336,,,,,,,,,,,,
36,1.1684393882751465,1.470536708831787,0.9814114570617676,0.8191928863525391,0.547600507736206,0.21513748168945312,,,,,,,,,,,,
37,1.118532419204712,0.7903439998626709,0.7249515056610107,0.36553430557250977,0.06385517120361328,,,,,,,,,,,,,
38,1.155381441116333,1.4112322330474854,1.112412929534912,0.3987393379211426,,,,,,,,,,,,,,
39,1.3121280670166016,1.1692638397216797,0.5826077461242676,0.0874178409576416,,,,,,,,,,,,,,
40,1.150498628616333,0.7448999881744385,0.40715885162353516,0.1029517650604248,,,,,,,,,,,,,,
41,1.2395384311676025,1.1871399879455566,0.45493125915527344,0.06720519065856934,,,,,,,,,,,,,,
42,1.1700890064239502,1.4943833351135254,0.4187037944793701,0.1070089340209961,,,,,,,,,,,,,,
43,1.2312493324279785,1.5838196277618408,1.6693973541259766,1.2214374542236328,0.9675633907318115,0.8318278789520264,0.8056540489196777,0.22436213493347168,,,,,,,,,,
44,1.118560791015625,1.4437220096588135,1.411461353302002,1.2019426822662354,1.1858763694763184,0.5600142478942871,0.31778478622436523,0.2862555980682373,0.05797982215881348,,,,,,,,,
45,1.0771286487579346,1.6121904850006104,1.7444639205932617,1.5503730773925781,0.5493180751800537,0.31287455558776855,0.0863041877746582,,,,,,,,,,,
46,1.1485404968261719,1.1952259540557861,1.0723919868469238,0.855759859085083,0.7586479187011719,0.6215710639953613,0.4586329460144043,,,,,,,,,,,
47,1.1055817604064941,1.1977357864379883,0.9061484336853027,0.6094703674316406,0.33717799186706543,0.06661176681518555,,,,,,,,,,,,
48,1.1429698467254639,0.7646408081054688,0.38660573959350586,0.06272339820861816,,,,,,,,,,,,,,
49,1.1438143253326416,1.1075379848480225,0.9247355461120605,0.6059412956237793,0.338822603225708,0.0693514347076416,,,,,,,,,,,,
0,1.4739642143249512,1.701420545578003,0.9708459377288818,1.084662675857544,0.6020843982696533,0.3328254222869873,0.06265377998352051,,,,,,,,,,,
1,1.0852546691894531,0.9999430179595947,1.0407531261444092,0.8770840167999268,0.971609354019165,0.8159410953521729,0.7448248863220215,0.9662337303161621,0.8076231479644775,0.7328438758850098,0.6472275257110596,0.6129558086395264,0.5034127235412598,0.3987102508544922,0.3073568344116211,0.17772603034973145,0.10493946075439453,0.07069039344787598
2,1.1876275539398193,0.8551590442657471,0.3796215057373047,0.06604146957397461,,,,,,,,,,,,,,
3,1.2891101837158203,1.4550037384033203,1.2519230842590332,0.9121627807617188,0.46441054344177246,,,,,,,,,,,,,
4,1.1889402866363525,1.1874301433563232,1.089869499206543,0.8865387439727783,0.48130083084106445,,,,,,,,,,,,,
5,1.1880578994750977,1.5015406608581543,1.585496187210083,1.2990458011627197,0.6464962959289551,0.34595298767089844,0.06303095817565918,,,,,,,,,,,
6,1.1839463710784912,1.025578260421753,0.7121858596801758,0.543635368347168,0.3375248908996582,0.5299115180969238,0.06048274040222168,,,,,,,,,,,
7,1.1543662548065186,1.6553854942321777,1.750748872756958,1.5071771144866943,1.3079438209533691,1.1036303043365479,0.9917299747467041,0.8517379760742188,0.6033873558044434,,,,,,,,,
8,1.2389979362487793,1.1942963600158691,0.9231793880462646,0.6185116767883301,0.343951940536499,0.06230282783508301,,,,,,,,,,,,
9,1.1183724403381348,1.419346570968628,0.9576101303100586,0.7858469486236572,0.6252391338348389,,,,,,,,,,,,,
10,1.1481273174285889,0.7715775966644287,0.4932074546813965,0.06454706192016602,,,,,,,,,,,,,,
11,1.1488869190216064,1.4660255908966064,1.5506904125213623,1.2629568576812744,0.9701800346374512,0.8559191226959229,0.9453654289245605,0.9300439357757568,0.9439702033996582,0.8361551761627197,0.8248310089111328,0.4088726043701172,,,,,,
12,1.283400535583496,1.4745051860809326,0.4184141159057617,0.06853818893432617,,,,,,,,,,,,,,
13,1.1274120807647705,1.0091111660003662,1.0467934608459473,0.7691988945007324,0.5031223297119141,0.9081110954284668,0.7742555141448975,0.3765542507171631,0.505683183670044,,,,,,,,,
14,1.1388094425201416,1.1445884704589844,0.9221827983856201,0.6195640563964844,0.34506678581237793,0.0711524486541748,,,,,,,,,,,,
15,1.1481242179870605,1.4681994915008545,1.5862703323364258,0.37088704109191895,0.06281733512878418,,,,,,,,,,,,,
16,1.1465814113616943,1.5875940322875977,1.74245285987854,1.5062334537506104,1.2773370742797852,1.0887725353240967,0.9752981662750244,0.5339927673339844,,,,,,,,,,
17,1.269237995147705,1.2941014766693115,1.2725770473480225,0.5772593021392822,0.07752752304077148,,,,,,,,,,,,,
18,1.1444261074066162,1.4577765464782715,1.6017811298370361,1.4010818004608154,0.5893728733062744,0.341158390045166,0.09544730186462402,,,,,,,,,,,
19,1.1389849185943604,1.071981430053711,0.4446697235107422,0.12824630737304688,,,,,,,,,,,,,,
20,1.147169589996338,1.4427695274353027,1.5776987075805664,1.394848108291626,1.2517549991607666,1.107628345489502,1.0380308628082275,0.5519156455993652,0.2876410484313965,,,,,,,,,
21,1.1398441791534424,1.2246403694152832,1.561138391494751,0.42319440841674805,0.06256103515625,,,,,,,,,,,,,
22,1.2237019538879395,1.084639072418213,0.8435826301574707,0.5187325477600098,0.517296552658081,0.255145788192749,,,,,,,,,,,,
23,1.1754002571105957,1.4976613521575928,0.5317676067352295,0.0670778751373291,,,,,,,,,,,,,,
24,1.1338555812835693,0.7375519275665283,0.3684413433074951,0.06408905982971191,,,,,,,,,,,,,,
25,1.1466584205627441,1.547969102859497,1.0159354209899902,0.6241152286529541,0.4394512176513672,0.07505440711975098,,,,,,,,,,,,
26,1.1393616199493408,1.1333324909210205,0.4080696105957031,0.07962584495544434,,,,,,,,,,,,,,
27,1.1359729766845703,1.3122854232788086,0.7899372577667236,0.06243467330932617,,,,,,,,,,,,,,
28,1.1083858013153076,1.2411246299743652,0.4157557487487793,0.06234097480773926,,,,,,,,,,,,,,
29,1.2215166091918945,0.7650883197784424,0.3611602783203125,0.06339049339294434,,,,,,,,,,,,,,
30,1.199662685394287,0.7419469356536865,0.5200483798980713,0.06302785873413086,,,,,,,,,,,,,,
31,1.0196623802185059,0.9475111961364746,0.8857662677764893,0.668165922164917,0.11340904235839844,,,,,,,,,,,,,
32,1.115774393081665,1.4104804992675781,1.4975471496582031,0.3683454990386963,0.11111307144165039,,,,,,,,,,,,,
33,1.1065583229064941,1.1034111976623535,0.8958292007446289,0.6003916263580322,0.34042859077453613,0.061713457107543945,,,,,,,,,,,,
34,1.1039831638336182,0.7218406200408936,0.3581228256225586,0.06262469291687012,,,,,,,,,,,,,,
35,1.0726561546325684,1.6265177726745605,0.9089124202728271,1.0176827907562256,0.5455296039581299,0.309079647064209,0.059372901916503906,,,,,,,,,,,
36,1.1140127182006836,1.4093713760375977,1.4953625202178955,1.2095153331756592,0.5863685607910156,0.3236124515533447,0.06602191925048828,,,,,,,,,,,
37,1.0993995666503906,1.037947654724121,0.967738151550293,0.39188528060913086,0.08701133728027344,,,,,,,,,,,,,
38,1.1486637592315674,1.3228063583374023,0.9254107475280762,0.7574079036712646,0.4662344455718994,,,,,,,,,,,,,
39,1.1082353591918945,1.379859447479248,1.5296995639801025,1.3414645195007324,0.5630669593811035,0.34236574172973633,0.1452169418334961,,,,,,,,,,,
40,1.1043198108673096,0.7364504337310791,0.3605794906616211,0.06200385093688965,,,,,,,,,,,,,,
41,1.1083297729492188,0.7126755714416504,0.35544252395629883,0.06269526481628418,,,,,,,,,,,,,,
42,1.152531385421753,1.5321896076202393,0.3999347686767578,0.07696771621704102,,,,,,,,,,,,,,
43,1.2001709938049316,1.1736359596252441,0.9199514389038086,0.5405008792877197,0.9487066268920898,0.7125217914581299,0.8705477714538574,0.913278341293335,0.8582255840301514,0.7780900001525879,0.7292115688323975,0.6453619003295898,0.47764062881469727,,,,,
44,1.091597557067871,1.5535657405853271,1.676759958267212,0.3619558811187744,0.0710151195526123,,,,,,,,,,,,,
45,1.091325044631958,1.3199567794799805,1.5817368030548096,1.3821063041687012,0.5687508583068848,0.34038233757019043,0.08456993103027344,,,,,,,,,,,
46,1.1029667854309082,1.0323739051818848,0.47762155532836914,0.21568655967712402,,,,,,,,,,,,,,
47,1.068803310394287,1.2784264087677002,1.1699392795562744,0.9239692687988281,0.4448120594024658,,,,,,,,,,,,,
48,1.1049296855926514,0.735957145690918,0.3610818386077881,0.0629117488861084,,,,,,,,,,,,,,
49,1.223844289779663,1.4032080173492432,1.448371410369873,1.1686553955078125,1.0511033535003662,0.9176533222198486,0.660311222076416,0.7021851539611816,0.42545628547668457,0.07015037536621094,,,,,,,,
0,1.4815411567687988,1.6033027172088623,1.0530505180358887,0.5501523017883301,0.46229004859924316,,,,,,,,,,,,,
1,1.3042566776275635,1.6226646900177002,1.0518977642059326,0.5465438365936279,0.4589426517486572,,,,,,,,,,,,,
2,1.1802754402160645,0.7605321407318115,0.378375768661499,0.065765380859375,,,,,,,,,,,,,,
3,1.1806070804595947,1.0930166244506836,0.5850985050201416,0.06814718246459961,,,,,,,,,,,,,,
4,1.176609754562378,0.7580790519714355,0.857562780380249,0.4268808364868164,0.0663599967956543,,,,,,,,,,,,,
5,1.1771478652954102,1.5953705310821533,1.8225083351135254,0.3847658634185791,0.0644979476928711,,,,,,,,,,,,,
6,1.233323097229004,1.6296882629394531,0.9624323844909668,1.0720956325531006,1.2885096073150635,1.017287254333496,0.7081992626190186,0.20027828216552734,,,,,,,,,,
7,1.3199899196624756,0.7875330448150635,0.38242149353027344,0.06589269638061523,,,,,,,,,,,,,,
8,1.1200611591339111,1.5207834243774414,0.8676877021789551,0.6976697444915771,0.6049582958221436,,,,,,,,,,,,,
9,1.0985167026519775,1.6462247371673584,0.9926960468292236,0.6786727905273438,0.44227123260498047,0.08102846145629883,,,,,,,,,,,,
10,1.2474329471588135,0.7377853393554688,0.36867237091064453,0.06472563743591309,,,,,,,,,,,,,,
11,1.1104114055633545,1.5883212089538574,0.9403071403503418,0.6517033576965332,0.3894364833831787,0.062368154525756836,,,,,,,,,,,,
12,1.1454706192016602,1.0179438591003418,0.58306884765625,0.06706523895263672,,,,,,,,,,,,,,
13,1.1468782424926758,1.5563297271728516,1.7534456253051758,0.40436697006225586,0.06473016738891602,,,,,,,,,,,,,
14,1.1485812664031982,1.4668149948120117,1.0798897743225098,0.40614986419677734,,,,,,,,,,,,,,
15,1.1464638710021973,0.7537925243377686,0.36920857429504395,0.06400847434997559,,,,,,,,,,,,,,
16,1.1553964614868164,1.1349687576293945,0.9180049896240234,0.6160273551940918,0.34346985816955566,0.06265139579772949,,,,,,,,,,,,
17,1.1164965629577637,1.5271728038787842,1.0966854095458984,0.3282623291015625,,,,,,,,,,,,,,
18,1.138869047164917,1.13222336769104,0.9191746711730957,0.6152873039245605,0.3435709476470947,0.06505608558654785,,,,,,,,,,,,
19,1.1817045211791992,0.763575553894043,0.3722515106201172,0.06461167335510254,,,,,,,,,,,,,,
20,1.1437749862670898,1.0970933437347412,0.8300933837890625,0.5110886096954346,0.23208284378051758,,,,,,,,,,,,,
21,1.141606092453003,0.7347040176391602,0.3714108467102051,0.06390786170959473,,,,,,,,,,,,,,
22,1.1056797504425049,1.5769364833831787,0.9309775829315186,0.7545692920684814,0.342745304107666,,,,,,,,,,,,,
23,1.1425199508666992,1.131030797958374,0.9169995784759521,0.6138114929199219,0.34266114234924316,0.08405375480651855,,,,,,,,,,,,
24,1.1479246616363525,0.7629096508026123,0.4078371524810791,0.07565593719482422,,,,,,,,,,,,,,
25,1.143784761428833,0.7346999645233154,0.3654205799102783,0.06437134742736816,,,,,,,,,,,,,,
26,1.0974376201629639,1.5727052688598633,0.7235703468322754,0.7038836479187012,0.4686927795410156,,,,,,,,,,,,,
27,1.1348140239715576,1.6442346572875977,1.7211883068084717,0.3922865390777588,0.06270003318786621,,,,,,,,,,,,,
28,1.137751579284668,1.5410008430480957,1.733281135559082,1.4870891571044922,0.6082608699798584,0.37000489234924316,0.10696983337402344,,,,,,,,,,,
29,1.1420814990997314,0.7612173557281494,0.3706939220428467,0.0639190673828125,,,,,,,,,,,,,,
30,1.1362926959991455,0.757145881652832,0.3634974956512451,0.06285834312438965,,,,,,,,,,,,,,
31,1.1126413345336914,1.0980732440948486,0.8938636779785156,0.5989432334899902,0.3332340717315674,0.06097579002380371,,,,,,,,,,,,
32,1.1437742710113525,1.5469481945037842,1.7716412544250488,1.617521047592163,1.3880364894866943,1.1749484539031982,1.0624136924743652,0.9830927848815918,0.736011266708374,,,,,,,,,
33,1.1099188327789307,0.7424027919769287,0.3602628707885742,0.06225848197937012,,,,,,,,,,,,,,
34,1.108612298965454,1.406803846359253,1.3707399368286133,0.38472414016723633,0.060736894607543945,,,,,,,,,,,,,
35,1.104027509689331,0.7411158084869385,0.3602116107940674,0.06397795677185059,,,,,,,,,,,,,,
36,1.1089346408843994,1.4011070728302002,1.0688254833221436,0.8966786861419678,0.6640450954437256,0.20661020278930664,,,,,,,,,,,,
37,1.2018027305603027,1.3821265697479248,1.0939686298370361,0.7865850925445557,0.6922516822814941,0.26109790802001953,,,,,,,,,,,,
38,1.1020538806915283,1.4101324081420898,1.5252251625061035,1.3269212245941162,1.107043743133545,0.916257381439209,0.702136754989624,0.24849700927734375,,,,,,,,,,
39,1.1043102741241455,1.4947926998138428,0.9851446151733398,0.8206160068511963,0.5957250595092773,0.2918388843536377,,,,,,,,,,,,
40,1.1961016654968262,1.4107179641723633,1.5251493453979492,0.35662269592285156,0.09933662414550781,,,,,,,,,,,,,
41,1.1041607856750488,1.1009206771850586,0.8899950981140137,0.5971424579620361,0.3330264091491699,0.06097292900085449,,,,,,,,,,,,
42,1.0657026767730713,1.5438923835754395,0.7008628845214844,0.6810111999511719,0.4554178714752197,,,,,,,,,,,,,
43,1.1035888195037842,1.2780580520629883,1.2179129123687744,1.0667533874511719,0.9547741413116455,0.8448741436004639,0.7386035919189453,0.5861754417419434,0.3645646572113037,0.056859731674194336,,,,,,,,
44,1.1006240844726562,0.9775722026824951,0.6536531448364258,0.34243035316467285,0.3566579818725586,0.09679913520812988,,,,,,,,,,,,
45,1.1076257228851318,1.413755178451538,1.0531654357910156,0.8893835544586182,0.6634459495544434,0.20423316955566406,,,,,,,,,,,,
46,1.069159984588623,1.3189342021942139,0.9213340282440186,0.7555410861968994,0.463728666305542,,,,,,,,,,,,,
47,1.0499563217163086,1.4467060565948486,0.9478299617767334,0.3157217502593994,,,,,,,,,,,,,,
48,1.0971317291259766,0.7125775814056396,0.3571147918701172,0.062166690826416016,,,,,,,,,,,,,,
49,1.228341817855835,1.0889999866485596,0.8909053802490234,0.5960385799407959,0.33144140243530273,0.06060314178466797,,,,,,,,,,,,
0,1.47160005569458,1.6763114929199219,0.4582686424255371,0.0664970874786377,,,,,,,,,,,,,,
1,1.168013095855713,0.7571291923522949,0.3781590461730957,0.06636977195739746,,,,,,,,,,,,,,
2,1.1667320728302002,0.7626090049743652,0.46995091438293457,0.06634736061096191,,,,,,,,,,,,,,
3,1.1964120864868164,0.7553026676177979,0.401094913482666,0.06667923927307129,,,,,,,,,,,,,,
4,1.1765704154968262,1.0686051845550537,0.7604537010192871,0.3881866931915283,0.2833588123321533,0.06517314910888672,,,,,,,,,,,,
5,1.2030644416809082,1.501110553741455,1.659412145614624,1.5414941310882568,1.1766493320465088,0.9776914119720459,0.5633542537689209,0.2507665157318115,,,,,,,,,,
6,1.1208181381225586,1.6897733211517334,0.9736454486846924,0.7874050140380859,0.5283794403076172,,,,,,,,,,,,,
7,1.1617329120635986,1.1574101448059082,0.9235701560974121,0.6171159744262695,0.3464670181274414,0.07159709930419922,,,,,,,,,,,,
8,1.1885671615600586,1.1452293395996094,0.9420716762542725,1.191838026046753,0.8507895469665527,0.5817630290985107,0.257047176361084,,,,,,,,,,,
9,1.2869479656219482,0.7637186050415039,0.4054532051086426,0.09833073616027832,,,,,,,,,,,,,,
10,1.156545639038086,1.4891159534454346,1.613485336303711,1.4008994102478027,0.5908505916595459,0.3469512462615967,0.06516218185424805,,,,,,,,,,,
11,1.143688678741455,0.7605578899383545,0.8272368907928467,0.38042330741882324,0.06405329704284668,,,,,,,,,,,,,
12,1.1721651554107666,0.7388098239898682,0.42186760902404785,0.0643625259399414,,,,,,,,,,,,,,
13,1.2230372428894043,1.6556596755981445,1.8027865886688232,0.37659573554992676,0.06256675720214844,,,,,,,,,,,,,
14,1.0433297157287598,1.1307733058929443,0.9796998500823975,0.4064218997955322,0.07569003105163574,,,,,,,,,,,,,
15,1.0914154052734375,1.590029001235962,1.0875537395477295,0.6739766597747803,0.5745117664337158,0.10802388191223145,,,,,,,,,,,,
16,1.2451038360595703,1.6443874835968018,1.7255439758300781,1.4940659999847412,0.6040844917297363,0.44371819496154785,0.07266926765441895,,,,,,,,,,,
17,1.1275591850280762,1.127624750137329,0.9159243106842041,1.0828018188476562,0.8470640182495117,0.5760776996612549,0.206254243850708,,,,,,,,,,,
18,1.2073240280151367,1.4875459671020508,0.976961612701416,0.34040307998657227,,,,,,,,,,,,,,
19,1.146622896194458,1.3975353240966797,0.8028335571289062,0.26288604736328125,,,,,,,,,,,,,,
20,1.2435839176177979,0.7555041313171387,0.3704705238342285,0.06436967849731445,,,,,,,,,,,,,,
21,1.2079682350158691,1.2884008884429932,1.2621078491210938,1.2966279983520508,0.9270944595336914,0.9210329055786133,0.9565386772155762,0.6490480899810791,0.2764158248901367,0.05926680564880371,,,,,,,,
22,1.085263967514038,1.5882277488708496,1.8225412368774414,1.6380906105041504,1.3954548835754395,1.207101583480835,1.1897122859954834,0.8153297901153564,0.5897984504699707,,,,,,,,,
23,1.0936126708984375,1.0980525016784668,0.894589900970459,0.5960080623626709,0.33151936531066895,0.06111454963684082,,,,,,,,,,,,
24,1.053459644317627,1.5162575244903564,0.8295934200286865,0.6746065616607666,0.5893254280090332,,,,,,,,,,,,,
25,1.101454734802246,1.1515209674835205,0.91884446144104,0.6027531623840332,0.34429931640625,0.061676740646362305,,,,,,,,,,,,
26,1.0921061038970947,0.9781169891357422,0.713409423828125,0.4060525894165039,0.3072624206542969,0.062000274658203125,,,,,,,,,,,,
27,1.1212222576141357,0.7099838256835938,0.8187272548675537,0.36095356941223145,0.06018686294555664,,,,,,,,,,,,,
28,1.0685956478118896,1.5212023258209229,1.6847000122070312,1.491840124130249,1.1965584754943848,0.8285095691680908,0.4419517517089844,0.18909287452697754,,,,,,,,,,
29,1.0902013778686523,0.7340223789215088,0.4635608196258545,0.062493324279785156,,,,,,,,,,,,,,
30,1.090013027191162,1.2261815071105957,1.320993423461914,0.5954575538635254,0.33348798751831055,0.05919361114501953,,,,,,,,,,,,
31,1.105215311050415,1.4934117794036865,0.9787478446960449,0.7500166893005371,0.6054935455322266,0.35897254943847656,0.07453727722167969,,,,,,,,,,,
32,1.091721534729004,0.7327048778533936,0.3928072452545166,0.06243491172790527,,,,,,,,,,,,,,
33,1.0996081829071045,0.710066556930542,0.39087390899658203,0.09856438636779785,,,,,,,,,,,,,,
34,1.0988132953643799,1.4904301166534424,0.8299264907836914,0.5765836238861084,0.39495110511779785,,,,,,,,,,,,,
35,1.0599257946014404,1.5199007987976074,0.899322509765625,1.0113410949707031,1.2953333854675293,0.9572725296020508,0.6644155979156494,0.20843958854675293,,,,,,,,,,
36,1.1986424922943115,0.7109205722808838,0.37933897972106934,0.06211280822753906,,,,,,,,,,,,,,
37,1.048884630203247,1.4439053535461426,1.7390942573547363,1.5209064483642578,0.5531294345855713,0.3303239345550537,0.08318066596984863,,,,,,,,,,,
38,1.156947135925293,1.622046947479248,0.8956286907196045,0.7229259014129639,0.3332254886627197,,,,,,,,,,,,,
39,1.0595083236694336,1.5269370079040527,1.6675443649291992,1.5013175010681152,0.5375607013702393,0.3099796772003174,0.05906820297241211,,,,,,,,,,,
40,1.0917139053344727,0.7090823650360107,0.8059229850769043,0.39997005462646484,0.08181452751159668,,,,,,,,,,,,,
41,1.0883517265319824,0.7078635692596436,0.4080619812011719,0.06238675117492676,,,,,,,,,,,,,,
42,1.1015560626983643,1.4921269416809082,1.7002668380737305,1.5648760795593262,1.2541072368621826,1.0484609603881836,0.9445960521697998,0.6442975997924805,,,,,,,,,,
43,1.0588698387145996,1.3092873096466064,0.9355919361114502,0.3665430545806885,0.14064550399780273,,,,,,,,,,,,,
44,1.046659231185913,1.4421415328979492,0.9189014434814453,0.6638078689575195,0.5826468467712402,,,,,,,,,,,,,
45,1.0566680431365967,1.3134262561798096,0.9558734893798828,0.6021478176116943,0.4813575744628906,,,,,,,,,,,,,
46,1.086054801940918,1.0888111591339111,0.8851747512817383,0.6026384830474854,0.33088040351867676,0.06097674369812012,,,,,,,,,,,,
47,1.048029899597168,1.5402097702026367,0.9444310665130615,0.8163859844207764,0.8780529499053955,0.21324467658996582,,,,,,,,,,,,
48,1.0618643760681152,1.289313554763794,1.6473395824432373,1.5870747566223145,1.164247751235962,0.8716597557067871,0.5060436725616455,0.21374988555908203,,,,,,,,,,
49,1.104982852935791,1.4269089698791504,0.9103739261627197,0.7510616779327393,0.4624640941619873,,,,,,,,,,,,,
0,1.556136131286621,1.3429632186889648,1.2464079856872559,1.0573530197143555,0.5365288257598877,0.10644221305847168,,,,,,,,,,,,
1,1.1775867938995361,1.1553881168365479,1.0819389820098877,0.6591651439666748,0.40229010581970215,0.08317208290100098,,,,,,,,,,,,
2,1.1886405944824219,1.0816376209259033,1.077671766281128,0.663093090057373,0.38039278984069824,0.0813288688659668,,,,,,,,,,,,
3,1.1832380294799805,1.1410136222839355,1.0969583988189697,0.9111509323120117,0.46137261390686035,0.09159445762634277,,,,,,,,,,,,
4,1.3580663204193115,1.1784379482269287,1.1076059341430664,0.916743278503418,0.4637303352355957,0.09179329872131348,,,,,,,,,,,,
5,1.182798147201538,1.141098976135254,1.083761215209961,0.8887486457824707,0.4642150402069092,0.0908043384552002,,,,,,,,,,,,
6,1.1594762802124023,1.0563232898712158,1.0653858184814453,0.6646497249603271,0.37994384765625,0.08164548873901367,,,,,,,,,,,,
7,1.2022113800048828,1.1419081687927246,1.0788450241088867,0.9128048419952393,0.46703052520751953,0.09056591987609863,,,,,,,,,,,,
8,1.146552562713623,1.0573530197143555,1.0733191967010498,0.6623122692108154,0.3865702152252197,0.08359622955322266,,,,,,,,,,,,
9,1.0662715435028076,1.071869134902954,1.078643560409546,0.6838400363922119,0.3857307434082031,0.08296513557434082,,,,,,,,,,,,
10,1.0699923038482666,1.047797441482544,1.1652300357818604,0.6755647659301758,0.3801860809326172,0.08086705207824707,,,,,,,,,,,,
11,1.1977086067199707,1.168982982635498,1.0752816200256348,0.8889281749725342,0.48540639877319336,0.09099888801574707,,,,,,,,,,,,
12,1.0413577556610107,1.0527729988098145,1.0603818893432617,0.7730653285980225,0.3754289150238037,0.08102202415466309,,,,,,,,,,,,
13,1.0469379425048828,1.0473864078521729,1.0803711414337158,0.6576282978057861,0.37450528144836426,0.08046102523803711,,,,,,,,,,,,
14,1.0343708992004395,1.040649175643921,1.0498876571655273,0.6581895351409912,0.3749115467071533,0.08002138137817383,,,,,,,,,,,,
15,1.262953758239746,1.1375563144683838,1.0796947479248047,0.8873112201690674,0.4695475101470947,0.09055042266845703,,,,,,,,,,,,
16,1.0403385162353516,1.0427217483520508,1.0502772331237793,0.6661791801452637,0.37607645988464355,0.0808250904083252,,,,,,,,,,,,
17,1.0379343032836914,1.182574987411499,1.0583951473236084,0.6597757339477539,0.37567615509033203,0.08091425895690918,,,,,,,,,,,,
18,1.1843786239624023,1.139084815979004,1.121889591217041,0.8827943801879883,0.4645812511444092,0.0910348892211914,,,,,,,,,,,,
19,1.0362911224365234,1.1485886573791504,1.0563650131225586,0.6628627777099609,0.3991832733154297,0.08041667938232422,,,,,,,,,,,,
20,1.0500943660736084,1.105543613433838,1.0495235919952393,0.7030150890350342,0.37327098846435547,0.08023691177368164,,,,,,,,,,,,
21,1.03277587890625,1.038123607635498,1.0476479530334473,0.6560952663421631,0.3748900890350342,0.08047747611999512,,,,,,,,,,,,
22,1.2984166145324707,1.1425230503082275,1.072716474533081,0.8841688632965088,0.47010374069213867,0.09305524826049805,,,,,,,,,,,,
23,1.2048568725585938,1.1604900360107422,1.089035987854004,0.995572566986084,0.46155261993408203,0.09090781211853027,,,,,,,,,,,,
24,1.1919598579406738,1.1704461574554443,1.103813648223877,0.8877379894256592,0.4610562324523926,0.09093093872070312,,,,,,,,,,,,
25,1.1762003898620605,1.139406442642212,1.0708844661712646,0.9706211090087891,0.46179676055908203,0.0912015438079834,,,,,,,,,,,,
26,1.049060344696045,1.0791692733764648,1.0594415664672852,0.6636362075805664,0.3789653778076172,0.08123993873596191,,,,,,,,,,,,
27,1.2008764743804932,1.136643648147583,1.071915864944458,0.8827037811279297,0.46480512619018555,0.09026360511779785,,,,,,,,,,,,
28,1.271017074584961,1.1489896774291992,1.0874147415161133,0.9130151271820068,0.45812177658081055,0.09032487869262695,,,,,,,,,,,,
29,1.177565336227417,1.1329898834228516,1.0736327171325684,0.8806555271148682,0.45648717880249023,0.09016156196594238,,,,,,,,,,,,
30,1.2920072078704834,1.1708791255950928,1.0793211460113525,0.8898301124572754,0.45839619636535645,0.0907294750213623,,,,,,,,,,,,
31,1.1769492626190186,1.1309714317321777,1.0786550045013428,0.9032096862792969,0.4599294662475586,0.09067106246948242,,,,,,,,,,,,
32,1.2714684009552002,1.1671457290649414,1.0758767127990723,0.8913815021514893,0.459423303604126,0.09059619903564453,,,,,,,,,,,,
33,1.047234058380127,1.0566761493682861,1.0545344352722168,0.6541910171508789,0.3733236789703369,0.08054637908935547,,,,,,,,,,,,
34,1.2593674659729004,1.1355502605438232,1.082190990447998,0.8903393745422363,0.45784616470336914,0.09075260162353516,,,,,,,,,,,,
35,1.0580134391784668,1.0422024726867676,1.0480949878692627,0.6700472831726074,0.40869927406311035,0.08386063575744629,,,,,,,,,,,,
36,1.203634262084961,1.2369003295898438,1.0776853561401367,0.9026880264282227,0.4612865447998047,0.09044289588928223,,,,,,,,,,,,
37,1.0610265731811523,1.0455963611602783,1.0573387145996094,0.683173418045044,0.3753535747528076,0.08089137077331543,,,,,,,,,,,,
38,1.041903018951416,1.0496206283569336,1.1400673389434814,0.6581695079803467,0.3759472370147705,0.08231735229492188,,,,,,,,,,,,
39,1.0524711608886719,1.066408395767212,1.061849594116211,0.664376974105835,0.3852658271789551,0.08281087875366211,,,,,,,,,,,,
40,1.1985702514648438,1.1266567707061768,1.0675787925720215,0.8773012161254883,0.5432028770446777,0.09010052680969238,,,,,,,,,,,,
41,1.0455849170684814,1.0679011344909668,1.0789985656738281,0.6574411392211914,0.3744537830352783,0.0825037956237793,,,,,,,,,,,,
42,1.1762619018554688,1.134131669998169,1.0707371234893799,0.8784022331237793,0.45807766914367676,0.09038090705871582,,,,,,,,,,,,
43,1.282712697982788,1.1370813846588135,1.0715053081512451,0.8824703693389893,0.4602656364440918,0.0914011001586914,,,,,,,,,,,,
44,1.0399324893951416,1.041534423828125,1.0528247356414795,0.6566953659057617,0.37436628341674805,0.08081364631652832,,,,,,,,,,,,
45,1.2549643516540527,1.1349456310272217,1.0763180255889893,0.8818752765655518,0.4574570655822754,0.09011054039001465,,,,,,,,,,,,
46,1.1829376220703125,1.1341586112976074,1.072645902633667,0.9039971828460693,0.4642479419708252,0.0902547836303711,,,,,,,,,,,,
47,1.285379409790039,1.1387763023376465,1.079359531402588,0.8921787738800049,0.45857715606689453,0.09051775932312012,,,,,,,,,,,,
48,1.0438010692596436,1.0428640842437744,1.0515632629394531,0.6581804752349854,0.3735659122467041,0.08071422576904297,,,,,,,,,,,,
49,1.175708293914795,1.2394108772277832,1.0737957954406738,0.8844807147979736,0.4601590633392334,0.09024238586425781,,,,,,,,,,,,
0,1.56648588180542,1.8366150856018066,1.5590307712554932,1.4226315021514893,1.1720075607299805,0.9248223304748535,0.7204663753509521,0.41153669357299805,0.07163667678833008,,,,,,,,,
1,1.2872049808502197,1.6886658668518066,1.5000441074371338,1.3415062427520752,1.0281825065612793,0.8554239273071289,0.5968072414398193,0.2855806350708008,,,,,,,,,,
2,1.1966536045074463,1.6027061939239502,1.5519468784332275,1.4483463764190674,1.1929442882537842,0.9284086227416992,0.7232668399810791,0.41343164443969727,0.08493852615356445,,,,,,,,,
3,1.2159743309020996,1.646838903427124,1.5420269966125488,1.4199228286743164,1.183229923248291,0.9393336772918701,0.714247465133667,0.405728816986084,0.08414602279663086,,,,,,,,,
4,1.1692986488342285,1.6525790691375732,1.4682650566101074,1.4199445247650146,1.0382940769195557,0.8687944412231445,0.5945258140563965,0.28578901290893555,,,,,,,,,,
5,1.2013416290283203,1.6433415412902832,1.5422985553741455,1.4160778522491455,1.151750087738037,0.9148845672607422,0.7161028385162354,0.411130428314209,0.08309721946716309,,,,,,,,,
6,1.1624174118041992,1.682399034500122,1.4983983039855957,1.3360075950622559,1.011535882949829,0.8484983444213867,0.5963172912597656,0.2848665714263916,,,,,,,,,,
7,1.2973318099975586,1.6052148342132568,1.5330770015716553,1.4171693325042725,1.1627223491668701,0.9317612648010254,0.7165911197662354,0.4085979461669922,0.08241653442382812,,,,,,,,,
8,1.1979484558105469,1.6038918495178223,1.5395946502685547,1.4033591747283936,1.2437338829040527,0.925480842590332,0.7203764915466309,0.4065389633178711,0.0819864273071289,,,,,,,,,
9,1.2022671699523926,1.6131744384765625,1.5377371311187744,1.4179201126098633,1.1549079418182373,0.9175772666931152,0.7332491874694824,0.4084937572479248,0.07127642631530762,,,,,,,,,
10,1.1813883781433105,1.6389048099517822,1.5690460205078125,1.3361430168151855,1.0240905284881592,0.8430624008178711,0.5982437133789062,0.2850666046142578,,,,,,,,,,
11,1.2863211631774902,1.5963406562805176,1.549678087234497,1.4281187057495117,1.1589620113372803,0.9175527095794678,0.7128660678863525,0.40450310707092285,0.08202528953552246,,,,,,,,,
12,1.1628401279449463,1.6587352752685547,1.4680099487304688,1.324214220046997,1.0073540210723877,0.8477303981781006,0.5927596092224121,0.2833690643310547,,,,,,,,,,
13,1.173368215560913,1.6467506885528564,1.476111650466919,1.3298354148864746,1.0075328350067139,0.859675407409668,0.6020622253417969,0.315075159072876,,,,,,,,,,
14,1.311950445175171,1.5923821926116943,1.5228660106658936,1.4810960292816162,1.1548457145690918,0.9144558906555176,0.722663164138794,0.4053332805633545,0.0707845687866211,,,,,,,,,
15,1.1955389976501465,1.6079416275024414,1.5345430374145508,1.398590087890625,1.1566312313079834,0.9273836612701416,0.714531421661377,0.4052248001098633,0.0817253589630127,,,,,,,,,
16,1.1620545387268066,1.7441072463989258,1.4724445343017578,1.3300561904907227,1.0094714164733887,0.8465573787689209,0.5939128398895264,0.2846262454986572,,,,,,,,,,
17,1.200591802597046,1.5901556015014648,1.52508544921875,1.4135687351226807,1.157353401184082,0.9164116382598877,0.7124204635620117,0.40486836433410645,0.0820322036743164,,,,,,,,,
18,1.2861192226409912,1.6026358604431152,1.5307350158691406,1.400789737701416,1.1639389991760254,0.922208309173584,0.7127680778503418,0.40551185607910156,0.07102537155151367,,,,,,,,,
19,1.1641473770141602,1.6580195426940918,1.4712169170379639,1.3245089054107666,1.0092597007751465,0.8456425666809082,0.591477632522583,0.284229040145874,,,,,,,,,,
20,1.1669344902038574,1.6473283767700195,1.5827462673187256,1.333822250366211,1.010920524597168,0.8428335189819336,0.5895051956176758,0.28353023529052734,,,,,,,,,,
21,1.2782726287841797,1.6543958187103271,1.4652533531188965,1.3252863883972168,1.0131440162658691,0.8480730056762695,0.5948684215545654,0.2854771614074707,,,,,,,,,,
22,1.1636195182800293,1.658336877822876,1.4798920154571533,1.3342537879943848,1.0094592571258545,0.9262564182281494,0.5906617641448975,0.28497314453125,,,,,,,,,,
23,1.1625964641571045,1.644047498703003,1.477809190750122,1.3345751762390137,1.0259571075439453,0.8474411964416504,0.5932788848876953,0.2922201156616211,,,,,,,,,,
24,1.3130607604980469,1.6123626232147217,1.5384409427642822,1.4058027267456055,1.169546127319336,0.9241716861724854,0.7137444019317627,0.40491676330566406,0.08170652389526367,,,,,,,,,
25,1.1654391288757324,1.6559736728668213,1.4684219360351562,1.3408725261688232,1.0123138427734375,0.8566920757293701,0.5944857597351074,0.2846851348876953,,,,,,,,,,
26,1.1662788391113281,1.640812635421753,1.479600429534912,1.3318703174591064,1.0101191997528076,0.8417007923126221,0.5910027027130127,0.28486204147338867,,,,,,,,,,
27,1.2034802436828613,1.6083683967590332,1.5460236072540283,1.5218377113342285,1.157144546508789,0.9201793670654297,0.7148399353027344,0.4060027599334717,0.07149314880371094,,,,,,,,,
28,1.2581257820129395,1.6526613235473633,1.4729418754577637,1.3237390518188477,1.008424997329712,0.8498704433441162,0.594580888748169,0.2836441993713379,,,,,,,,,,
29,1.2013399600982666,1.5904455184936523,1.5392990112304688,1.4114413261413574,1.1660654544830322,0.9163682460784912,0.7128090858459473,0.4995143413543701,0.08666801452636719,,,,,,,,,
30,1.1743738651275635,1.6510009765625,1.4735071659088135,1.3380954265594482,1.015627145767212,0.8483526706695557,0.5919504165649414,0.2852511405944824,,,,,,,,,,
31,1.197977066040039,1.6054141521453857,1.5615956783294678,1.4023478031158447,1.152369737625122,0.9283983707427979,0.7143959999084473,0.40576934814453125,0.0706949234008789,,,,,,,,,
32,1.197465181350708,1.5911438465118408,1.5386114120483398,1.4124770164489746,1.1670777797698975,0.9170553684234619,0.7145683765411377,0.4157602787017822,0.07359814643859863,,,,,,,,,
33,1.2309033870697021,1.6396245956420898,1.5378880500793457,1.5002930164337158,1.1610627174377441,0.920034646987915,0.7143044471740723,0.40491676330566406,0.07178211212158203,,,,,,,,,
34,1.241119623184204,1.6028995513916016,1.5417215824127197,1.4016916751861572,1.1509675979614258,0.921990156173706,0.7130858898162842,0.4289555549621582,0.07128620147705078,,,,,,,,,
35,1.195385456085205,1.590987205505371,1.544482707977295,1.4097883701324463,1.1841042041778564,0.9211761951446533,0.712853193283081,0.4960479736328125,0.07216095924377441,,,,,,,,,
36,1.2004809379577637,1.6469833850860596,1.4700379371643066,1.3661842346191406,1.0578835010528564,0.8650000095367432,0.600006103515625,0.2899158000946045,,,,,,,,,,
37,1.2626025676727295,1.7387676239013672,1.5047600269317627,1.3544793128967285,1.0344915390014648,0.8889608383178711,0.6111109256744385,0.2853398323059082,,,,,,,,,,
38,1.1943793296813965,1.6325716972351074,1.5768101215362549,1.4644355773925781,1.1711411476135254,0.9387881755828857,0.7268631458282471,0.4130871295928955,0.08437013626098633,,,,,,,,,
39,1.218135118484497,1.632577657699585,1.5564732551574707,1.5130605697631836,1.196812391281128,0.9293980598449707,0.7280418872833252,0.41208600997924805,0.07289505004882812,,,,,,,,,
40,1.2201340198516846,1.6650290489196777,1.5602467060089111,1.4433999061584473,1.182692527770996,0.9237604141235352,0.7158093452453613,0.40613436698913574,0.08187341690063477,,,,,,,,,
41,1.1591205596923828,1.7456822395324707,1.4836976528167725,1.3545749187469482,1.0087058544158936,0.8443603515625,0.591454267501831,0.2858562469482422,,,,,,,,,,
42,1.2014923095703125,1.5923020839691162,1.5387225151062012,1.4121458530426025,1.1588714122772217,0.9453275203704834,0.7137947082519531,0.40598225593566895,0.10441994667053223,,,,,,,,,
43,1.258016586303711,1.6571409702301025,1.4685261249542236,1.3314175605773926,1.0148534774780273,0.8449203968048096,0.59035325050354,0.28501272201538086,,,,,,,,,,
44,1.1704933643341064,1.6948068141937256,1.4946599006652832,1.3283164501190186,1.0056266784667969,0.8416213989257812,0.5966854095458984,0.29134225845336914,,,,,,,,,,
45,1.197509527206421,1.618429183959961,1.5276954174041748,1.410841941833496,1.157353162765503,0.9163875579833984,0.742424488067627,0.40411829948425293,0.08314037322998047,,,,,,,,,
46,1.1983733177185059,1.6631686687469482,1.491966724395752,1.380420207977295,1.0353343486785889,0.8625495433807373,0.5901916027069092,0.28501057624816895,,,,,,,,,,
47,1.1696438789367676,1.6543707847595215,1.4715633392333984,1.3287596702575684,1.0265283584594727,0.845055103302002,0.5957822799682617,0.28378820419311523,,,,,,,,,,
48,1.1951680183410645,1.5919897556304932,1.622169017791748,1.4146435260772705,1.157041311264038,0.913419246673584,0.7111732959747314,0.4035933017730713,0.07114744186401367,,,,,,,,,
49,1.302941083908081,1.5919826030731201,1.5205657482147217,1.3979628086090088,1.165656566619873,0.9180147647857666,0.7123062610626221,0.40497922897338867,0.08239364624023438,,,,,,,,,
