,0,1,2,3,4,5,6,7,8,9,10,11,12,13,14,15,16,17,18,19,20,21,22,23,24,25,26,27,28,29,30,31,32,33,34,35,36,37,38,39,40,41,42,43,44,45,46,47,48,49,50,51,52,53,54,55,56,57,58,59,60,61,62,63,64,65,66,67,68,69,70,71,72,73,74,75,76,77,78,79,80,81,82,83,84,85,86,87,88,89,90,91,92,93,94,95,96,97,98,99
0,3.0328776836395264,2.9744198322296143,2.3162074089050293,3.2401041984558105,2.489269256591797,1.696805477142334,1.7605676651000977,1.5440881252288818,1.816758632659912,1.4729225635528564,1.4974300861358643,0.8806424140930176,,,,,,,,,,,,,,,,,,,,,,,,,,,,,,,,,,,,,,
1,2.0762670040130615,2.1330819129943848,1.7300798892974854,0.4247608184814453,,,,,,,,,,,,,,,,,,,,,,,,,,,,,,,,,,,,,,,,,,,,,,
2,2.1392977237701416,2.1714367866516113,2.68288254737854,2.501534938812256,1.6934077739715576,1.7374725341796875,2.2309653759002686,2.1255710124969482,1.6394596099853516,0.8266017436981201,,,,,,,,,,,,,,,,,,,,,,,,,,,,,,,,,,,,,,,,
3,2.0879714488983154,2.052330493927002,1.9237020015716553,1.8995766639709473,2.382523775100708,2.644026041030884,2.443669319152832,2.1791365146636963,1.9742603302001953,1.5685274600982666,1.6635839939117432,1.52671217918396,1.524994134902954,1.418163537979126,1.2325375080108643,1.3006839752197266,1.3846559524536133,0.9471001625061035,0.5160684585571289,,,,,,,,,,,,,,,,,,,,,,,,,,,,,,,
4,2.132131814956665,2.05645751953125,2.055129289627075,1.896850824356079,2.1006674766540527,2.1722350120544434,1.768042802810669,1.7579834461212158,1.77952241897583,1.7780702114105225,1.3436293601989746,0.39761924743652344,,,,,,,,,,,,,,,,,,,,,,,,,,,,,,,,,,,,,,
5,2.0968613624572754,2.1810035705566406,1.8890984058380127,1.9477784633636475,1.5110652446746826,0.2737853527069092,,,,,,,,,,,,,,,,,,,,,,,,,,,,,,,,,,,,,,,,,,,,
6,1.9758434295654297,1.728775978088379,2.036614179611206,2.3017992973327637,1.7849481105804443,1.727719783782959,1.759613275527954,1.580721378326416,1.4150350093841553,,,,,,,,,,,,,,,,,,,,,,,,,,,,,,,,,,,,,,,,,
7,2.188331127166748,2.1024012565612793,2.416731119155884,2.1790969371795654,0.29343152046203613,,,,,,,,,,,,,,,,,,,,,,,,,,,,,,,,,,,,,,,,,,,,,
8,1.9605960845947266,1.7522685527801514,1.8616998195648193,2.2355988025665283,1.8113667964935303,1.8899896144866943,1.5825068950653076,0.3089885711669922,,,,,,,,,,,,,,,,,,,,,,,,,,,,,,,,,,,,,,,,,,
9,2.4699747562408447,1.9380850791931152,2.060579776763916,2.3374457359313965,2.0558643341064453,1.181478500366211,0.9256095886230469,1.9031379222869873,1.6761000156402588,2.0200958251953125,1.7225337028503418,1.660872459411621,1.4981675148010254,0.7790658473968506,,,,,,,,,,,,,,,,,,,,,,,,,,,,,,,,,,,,
10,2.207599401473999,1.9898886680603027,1.9540157318115234,1.9353480339050293,2.0683534145355225,2.148817300796509,2.0193254947662354,0.20664596557617188,,,,,,,,,,,,,,,,,,,,,,,,,,,,,,,,,,,,,,,,,,
11,2.224733829498291,2.178976535797119,1.7161822319030762,0.4141957759857178,,,,,,,,,,,,,,,,,,,,,,,,,,,,,,,,,,,,,,,,,,,,,,
12,2.1229586601257324,2.281087636947632,1.9772601127624512,1.5382466316223145,2.1263175010681152,0.38027524948120117,,,,,,,,,,,,,,,,,,,,,,,,,,,,,,,,,,,,,,,,,,,,
13,1.7899112701416016,2.0016729831695557,2.071063756942749,2.002249002456665,2.003700017929077,2.165090322494507,1.6852049827575684,1.683000087738037,1.6084599494934082,1.591083288192749,1.5393040180206299,1.4617571830749512,0.951880693435669,,,,,,,,,,,,,,,,,,,,,,,,,,,,,,,,,,,,,
14,1.7801611423492432,1.7041120529174805,2.0138092041015625,2.123286247253418,2.0032126903533936,1.6583218574523926,1.5851080417633057,1.579397201538086,1.5641391277313232,1.5874030590057373,1.5456931591033936,1.4782679080963135,1.5397672653198242,1.1410198211669922,,,,,,,,,,,,,,,,,,,,,,,,,,,,,,,,,,,,
15,2.2580063343048096,2.3818628787994385,2.4639904499053955,1.8764994144439697,1.8412065505981445,1.9793205261230469,2.0340209007263184,2.1096079349517822,1.662078857421875,1.350527286529541,1.2513785362243652,1.15468168258667,,,,,,,,,,,,,,,,,,,,,,,,,,,,,,,,,,,,,,
16,1.7715516090393066,1.8521177768707275,1.9052810668945312,2.2728476524353027,2.5608136653900146,1.63771390914917,1.6996808052062988,1.7149465084075928,1.64894437789917,1.6363866329193115,1.4650778770446777,0.9523284435272217,,,,,,,,,,,,,,,,,,,,,,,,,,,,,,,,,,,,,,
17,2.032832145690918,1.941521406173706,2.3871958255767822,2.382458448410034,1.8823180198669434,1.9462790489196777,2.3164563179016113,1.8487739562988281,1.6677019596099854,0.9500870704650879,,,,,,,,,,,,,,,,,,,,,,,,,,,,,,,,,,,,,,,,
18,1.8335034847259521,2.1750409603118896,2.0448031425476074,2.307948589324951,1.8161518573760986,1.6927170753479004,1.7435522079467773,1.672677755355835,1.679858684539795,2.3547518253326416,2.1415045261383057,1.5509774684906006,1.5192382335662842,0.913424015045166,,,,,,,,,,,,,,,,,,,,,,,,,,,,,,,,,,,,
19,2.156135320663452,2.072343111038208,1.5738751888275146,1.6890559196472168,1.6766462326049805,0.28888678550720215,,,,,,,,,,,,,,,,,,,,,,,,,,,,,,,,,,,,,,,,,,,,
20,2.222370147705078,2.2822606563568115,1.6155498027801514,1.79557204246521,2.588022232055664,2.344703435897827,1.5870254039764404,0.6712539196014404,,,,,,,,,,,,,,,,,,,,,,,,,,,,,,,,,,,,,,,,,,
21,1.8782844543457031,2.05513072013855,2.111815929412842,2.0438764095306396,2.2418034076690674,1.8447284698486328,1.7188987731933594,1.59098219871521,1.9475555419921875,1.7924747467041016,2.0786402225494385,1.5366911888122559,0.7835783958435059,,,,,,,,,,,,,,,,,,,,,,,,,,,,,,,,,,,,,
22,2.141256093978882,1.9872078895568848,2.136054515838623,1.6939983367919922,1.900806188583374,1.7878870964050293,1.9354746341705322,1.7933027744293213,1.5643799304962158,0.7617001533508301,,,,,,,,,,,,,,,,,,,,,,,,,,,,,,,,,,,,,,,,
23,2.19781231880188,2.057349681854248,2.4841015338897705,1.898784875869751,0.4286491870880127,,,,,,,,,,,,,,,,,,,,,,,,,,,,,,,,,,,,,,,,,,,,,
24,2.2484378814697266,2.4710192680358887,1.6714997291564941,0.30496859550476074,,,,,,,,,,,,,,,,,,,,,,,,,,,,,,,,,,,,,,,,,,,,,,
25,1.786309003829956,1.6811585426330566,1.8094027042388916,2.0071260929107666,1.9757452011108398,1.5570588111877441,1.8253591060638428,1.6593973636627197,1.5535025596618652,1.566319227218628,1.7334520816802979,1.5560896396636963,1.5136971473693848,1.4316308498382568,1.6075446605682373,1.3808069229125977,1.2140164375305176,0.8841204643249512,,,,,,,,,,,,,,,,,,,,,,,,,,,,,,,,
26,2.004080057144165,2.368281841278076,1.7603015899658203,2.0808184146881104,2.025785207748413,1.8426690101623535,1.7701225280761719,1.9492895603179932,1.6910479068756104,0.37302660942077637,,,,,,,,,,,,,,,,,,,,,,,,,,,,,,,,,,,,,,,,
27,2.1308507919311523,2.097141742706299,2.056248664855957,2.0442912578582764,2.348390579223633,1.7634143829345703,2.3563520908355713,1.6452569961547852,2.031219482421875,1.4834043979644775,1.3807415962219238,1.2478771209716797,,,,,,,,,,,,,,,,,,,,,,,,,,,,,,,,,,,,,,
28,2.3080649375915527,1.9285120964050293,2.151430130004883,1.8703935146331787,1.8845901489257812,1.9277148246765137,1.8149893283843994,1.8330867290496826,1.6558852195739746,2.0975303649902344,2.1021225452423096,1.4917902946472168,1.4674367904663086,0.9051265716552734,,,,,,,,,,,,,,,,,,,,,,,,,,,,,,,,,,,,
29,1.8975889682769775,2.337372064590454,2.5628855228424072,1.758455514907837,0.9592509269714355,,,,,,,,,,,,,,,,,,,,,,,,,,,,,,,,,,,,,,,,,,,,,
30,1.7847063541412354,1.863579273223877,2.602166175842285,1.9305198192596436,1.6864969730377197,2.044552803039551,1.773423433303833,1.626509428024292,1.2156379222869873,,,,,,,,,,,,,,,,,,,,,,,,,,,,,,,,,,,,,,,,,
31,1.720506191253662,1.8845536708831787,1.9363749027252197,2.541903018951416,2.5153181552886963,1.6820063591003418,1.9342477321624756,1.761289119720459,1.554351568222046,1.6447396278381348,2.203848123550415,2.1335864067077637,1.440899133682251,1.4568555355072021,1.4447345733642578,1.7192888259887695,1.3315327167510986,1.2927651405334473,1.2996387481689453,0.6442556381225586,,,,,,,,,,,,,,,,,,,,,,,,,,,,,,
32,2.0730466842651367,2.173447608947754,1.8459749221801758,1.7666165828704834,1.8661563396453857,0.6607053279876709,,,,,,,,,,,,,,,,,,,,,,,,,,,,,,,,,,,,,,,,,,,,
33,1.6901884078979492,1.836721420288086,1.9152357578277588,2.2148280143737793,2.492055892944336,1.6004729270935059,1.730137825012207,1.7251131534576416,1.5241186618804932,1.6822795867919922,1.5763731002807617,1.9401686191558838,1.2611875534057617,1.3007771968841553,0.9813852310180664,1.1276109218597412,,,,,,,,,,,,,,,,,,,,,,,,,,,,,,,,,,
34,2.077982187271118,2.372049331665039,2.126286506652832,0.2681124210357666,,,,,,,,,,,,,,,,,,,,,,,,,,,,,,,,,,,,,,,,,,,,,,
35,1.9460265636444092,1.9962680339813232,1.7932014465332031,2.452681064605713,2.0693881511688232,1.7261111736297607,0.5788793563842773,,,,,,,,,,,,,,,,,,,,,,,,,,,,,,,,,,,,,,,,,,,
36,1.825045108795166,2.076087474822998,1.9497125148773193,2.632850170135498,2.4402785301208496,1.685262680053711,1.5755081176757812,1.994154453277588,2.2441670894622803,1.4598476886749268,1.4345941543579102,0.7799198627471924,,,,,,,,,,,,,,,,,,,,,,,,,,,,,,,,,,,,,,
37,2.1864163875579834,2.04024338722229,1.5433359146118164,2.3633170127868652,2.460221529006958,0.27314090728759766,,,,,,,,,,,,,,,,,,,,,,,,,,,,,,,,,,,,,,,,,,,,
38,1.8157262802124023,2.023808240890503,1.962489128112793,2.188159942626953,2.136413812637329,1.8439483642578125,2.2565717697143555,1.5360393524169922,1.5605003833770752,1.7423505783081055,2.211528778076172,1.5202083587646484,1.6042520999908447,1.4365079402923584,1.4311490058898926,1.2233812808990479,,,,,,,,,,,,,,,,,,,,,,,,,,,,,,,,,,
39,1.764434814453125,2.2014355659484863,1.9582631587982178,2.7694525718688965,2.377633810043335,1.6572716236114502,1.5747129917144775,1.7511374950408936,1.9606170654296875,0.5987498760223389,,,,,,,,,,,,,,,,,,,,,,,,,,,,,,,,,,,,,,,,
40,1.8435754776000977,2.0567092895507812,2.0425050258636475,1.9540510177612305,1.9908697605133057,1.8970911502838135,0.9487073421478271,,,,,,,,,,,,,,,,,,,,,,,,,,,,,,,,,,,,,,,,,,,
41,2.176149606704712,1.9226489067077637,2.160696029663086,1.909172534942627,1.8112783432006836,1.7993910312652588,1.895132303237915,1.6794850826263428,1.9876539707183838,2.060361623764038,1.818004846572876,0.8666162490844727,1.2618443965911865,0.6260218620300293,,,,,,,,,,,,,,,,,,,,,,,,,,,,,,,,,,,,
42,2.0045344829559326,2.2046165466308594,2.1900594234466553,1.8607556819915771,1.9527764320373535,1.958068609237671,2.242777109146118,1.6690542697906494,0.3565499782562256,,,,,,,,,,,,,,,,,,,,,,,,,,,,,,,,,,,,,,,,,
43,2.2025368213653564,2.387500047683716,2.0410985946655273,1.9042181968688965,2.0255093574523926,2.2613956928253174,0.2889719009399414,,,,,,,,,,,,,,,,,,,,,,,,,,,,,,,,,,,,,,,,,,,
44,2.0803210735321045,2.3968844413757324,2.251842975616455,1.9644160270690918,1.9114000797271729,1.809983730316162,1.7035107612609863,1.8334932327270508,1.6227753162384033,1.5521268844604492,1.588411569595337,1.4924185276031494,1.3430168628692627,0.8450205326080322,,,,,,,,,,,,,,,,,,,,,,,,,,,,,,,,,,,,
45,1.8182015419006348,1.9015624523162842,1.9054322242736816,1.969829797744751,1.7300615310668945,1.9176547527313232,2.090135097503662,2.1640665531158447,1.6548404693603516,1.5952632427215576,1.5790667533874512,1.559593677520752,1.537907600402832,1.5205316543579102,0.5853860378265381,,,,,,,,,,,,,,,,,,,,,,,,,,,,,,,,,,,
46,2.2856128215789795,1.8999741077423096,1.989701747894287,2.1599817276000977,1.745664358139038,2.1074516773223877,1.961596965789795,1.970428228378296,1.5610425472259521,0.9634006023406982,1.429790735244751,1.462615966796875,1.3361303806304932,1.3466465473175049,1.4608125686645508,1.4293532371520996,1.3933343887329102,1.3901386260986328,0.7586507797241211,0.9398314952850342,0.400592565536499,,,,,,,,,,,,,,,,,,,,,,,,,,,,,
47,2.0289762020111084,1.8404004573822021,2.0681045055389404,2.08026123046875,1.798785924911499,1.5910215377807617,1.8634493350982666,1.5695056915283203,1.4725444316864014,1.6070547103881836,1.528928518295288,1.347529649734497,1.7794368267059326,1.6837379932403564,1.5560572147369385,1.3660244941711426,0.9692938327789307,0.7708206176757812,,,,,,,,,,,,,,,,,,,,,,,,,,,,,,,,
48,2.319411039352417,2.1397693157196045,1.8857433795928955,2.135917901992798,2.1678824424743652,1.6336488723754883,0.330355167388916,,,,,,,,,,,,,,,,,,,,,,,,,,,,,,,,,,,,,,,,,,,
49,1.7071871757507324,1.9880306720733643,1.7743518352508545,2.0482916831970215,2.4139463901519775,2.3758225440979004,1.6523232460021973,1.692948579788208,1.7481181621551514,1.3163981437683105,0.375978946685791,,,,,,,,,,,,,,,,,,,,,,,,,,,,,,,,,,,,,,,
0,2.2894434928894043,2.3800575733184814,1.9815394878387451,0.9694521427154541,,,,,,,,,,,,,,,,,,,,,,,,,,,,,,,,,,,,,,,,,,,,,,
1,2.0993125438690186,1.931565284729004,1.963135004043579,,,,,,,,,,,,,,,,,,,,,,,,,,,,,,,,,,,,,,,,,,,,,,,
2,1.8582673072814941,2.391566753387451,2.4145994186401367,0.2866222858428955,,,,,,,,,,,,,,,,,,,,,,,,,,,,,,,,,,,,,,,,,,,,,,
3,2.0914742946624756,2.5972137451171875,2.60661244392395,,,,,,,,,,,,,,,,,,,,,,,,,,,,,,,,,,,,,,,,,,,,,,,
4,1.9472312927246094,2.605844259262085,2.204150915145874,1.1700177192687988,,,,,,,,,,,,,,,,,,,,,,,,,,,,,,,,,,,,,,,,,,,,,,
5,2.3158836364746094,2.7733190059661865,2.6213459968566895,2.017822504043579,1.0332627296447754,,,,,,,,,,,,,,,,,,,,,,,,,,,,,,,,,,,,,,,,,,,,,
6,2.0064167976379395,1.9644272327423096,1.895538091659546,,,,,,,,,,,,,,,,,,,,,,,,,,,,,,,,,,,,,,,,,,,,,,,
7,1.851794958114624,2.0340001583099365,1.6327590942382812,,,,,,,,,,,,,,,,,,,,,,,,,,,,,,,,,,,,,,,,,,,,,,,
8,1.922165870666504,2.4159135818481445,2.252657175064087,2.3866589069366455,1.7854714393615723,1.651944875717163,1.8380589485168457,1.448296070098877,,,,,,,,,,,,,,,,,,,,,,,,,,,,,,,,,,,,,,,,,,
9,2.1948044300079346,1.8395445346832275,2.0555317401885986,2.4726080894470215,2.2067136764526367,1.7359726428985596,1.6935195922851562,1.6280255317687988,1.4814412593841553,1.6913127899169922,0.9565465450286865,,,,,,,,,,,,,,,,,,,,,,,,,,,,,,,,,,,,,,,
10,2.209392547607422,2.0473358631134033,2.0002899169921875,1.47955322265625,,,,,,,,,,,,,,,,,,,,,,,,,,,,,,,,,,,,,,,,,,,,,,
11,2.2423760890960693,2.2137863636016846,2.7745089530944824,2.3923823833465576,1.8516511917114258,1.8911702632904053,1.993299961090088,1.8830552101135254,1.7436764240264893,0.9216372966766357,,,,,,,,,,,,,,,,,,,,,,,,,,,,,,,,,,,,,,,,
12,1.9049732685089111,2.343106746673584,2.1350045204162598,1.8133518695831299,1.789928674697876,1.599609613418579,0.9631731510162354,,,,,,,,,,,,,,,,,,,,,,,,,,,,,,,,,,,,,,,,,,,
13,2.130046844482422,2.2129175662994385,2.0271072387695312,2.113239049911499,,,,,,,,,,,,,,,,,,,,,,,,,,,,,,,,,,,,,,,,,,,,,,
14,2.160132884979248,2.6134090423583984,1.5868089199066162,,,,,,,,,,,,,,,,,,,,,,,,,,,,,,,,,,,,,,,,,,,,,,,
15,1.9802179336547852,2.1418368816375732,2.017184257507324,1.6782965660095215,,,,,,,,,,,,,,,,,,,,,,,,,,,,,,,,,,,,,,,,,,,,,,
16,2.0590364933013916,2.059089183807373,2.376194715499878,2.133415937423706,2.0806846618652344,1.6620922088623047,1.7825260162353516,2.198005437850952,2.167461395263672,2.1244468688964844,1.5326642990112305,,,,,,,,,,,,,,,,,,,,,,,,,,,,,,,,,,,,,,,
17,1.8982226848602295,1.8267362117767334,1.9048199653625488,,,,,,,,,,,,,,,,,,,,,,,,,,,,,,,,,,,,,,,,,,,,,,,
18,2.0091962814331055,2.438476085662842,2.5068931579589844,1.7646677494049072,1.6060357093811035,1.710273265838623,0.9886679649353027,,,,,,,,,,,,,,,,,,,,,,,,,,,,,,,,,,,,,,,,,,,
19,2.062940835952759,1.9325497150421143,2.0842769145965576,1.6872336864471436,,,,,,,,,,,,,,,,,,,,,,,,,,,,,,,,,,,,,,,,,,,,,,
20,2.143389940261841,2.2276549339294434,2.0560054779052734,1.0985424518585205,,,,,,,,,,,,,,,,,,,,,,,,,,,,,,,,,,,,,,,,,,,,,,
21,2.503690719604492,2.614089250564575,2.0527963638305664,1.6862599849700928,1.8639390468597412,1.0366005897521973,,,,,,,,,,,,,,,,,,,,,,,,,,,,,,,,,,,,,,,,,,,,
22,2.0651400089263916,2.2404792308807373,2.275768756866455,2.0567688941955566,1.9947385787963867,1.9403064250946045,,,,,,,,,,,,,,,,,,,,,,,,,,,,,,,,,,,,,,,,,,,,
23,2.0949506759643555,2.4259302616119385,2.365948438644409,2.31553053855896,1.900998592376709,,,,,,,,,,,,,,,,,,,,,,,,,,,,,,,,,,,,,,,,,,,,,
24,2.1804864406585693,2.186314821243286,2.091668128967285,2.2461142539978027,2.3173515796661377,1.9383761882781982,1.9366309642791748,,,,,,,,,,,,,,,,,,,,,,,,,,,,,,,,,,,,,,,,,,,
25,2.075836420059204,2.347149610519409,1.8861758708953857,1.0717146396636963,,,,,,,,,,,,,,,,,,,,,,,,,,,,,,,,,,,,,,,,,,,,,,
26,2.0690221786499023,2.2715086936950684,1.6519222259521484,,,,,,,,,,,,,,,,,,,,,,,,,,,,,,,,,,,,,,,,,,,,,,,
27,1.8641033172607422,1.9399538040161133,2.2097280025482178,1.7591862678527832,1.8837671279907227,1.5072872638702393,,,,,,,,,,,,,,,,,,,,,,,,,,,,,,,,,,,,,,,,,,,,
28,1.9523413181304932,2.428828477859497,2.0345609188079834,2.174237012863159,1.8659865856170654,1.0301589965820312,,,,,,,,,,,,,,,,,,,,,,,,,,,,,,,,,,,,,,,,,,,,
29,1.9568140506744385,2.118298292160034,2.2284090518951416,1.690277338027954,2.0374538898468018,1.7650811672210693,1.8354544639587402,0.5270969867706299,,,,,,,,,,,,,,,,,,,,,,,,,,,,,,,,,,,,,,,,,,
30,1.9033122062683105,2.0780446529388428,1.8071517944335938,,,,,,,,,,,,,,,,,,,,,,,,,,,,,,,,,,,,,,,,,,,,,,,
31,2.414034843444824,2.7435152530670166,1.9739139080047607,2.2668399810791016,1.5803990364074707,1.0741872787475586,,,,,,,,,,,,,,,,,,,,,,,,,,,,,,,,,,,,,,,,,,,,
32,2.0486221313476562,2.1129934787750244,2.2661142349243164,1.4081008434295654,,,,,,,,,,,,,,,,,,,,,,,,,,,,,,,,,,,,,,,,,,,,,,
33,2.096832275390625,2.3905744552612305,1.7738521099090576,2.0258171558380127,2.265659809112549,1.6465098857879639,0.2983734607696533,,,,,,,,,,,,,,,,,,,,,,,,,,,,,,,,,,,,,,,,,,,
34,2.033778429031372,2.022968053817749,1.8921680450439453,,,,,,,,,,,,,,,,,,,,,,,,,,,,,,,,,,,,,,,,,,,,,,,
35,2.1316044330596924,2.096181869506836,1.8004794120788574,,,,,,,,,,,,,,,,,,,,,,,,,,,,,,,,,,,,,,,,,,,,,,,
36,2.036951780319214,2.556094169616699,2.0808868408203125,1.922468900680542,1.7588107585906982,2.05021333694458,1.936558723449707,1.6414275169372559,1.697274923324585,1.7004806995391846,1.5356264114379883,,,,,,,,,,,,,,,,,,,,,,,,,,,,,,,,,,,,,,,
37,2.2639999389648438,2.4102847576141357,2.0531468391418457,2.1368918418884277,2.060379981994629,1.8630294799804688,1.813917875289917,2.0688602924346924,1.7445030212402344,1.6590678691864014,0.7867939472198486,,,,,,,,,,,,,,,,,,,,,,,,,,,,,,,,,,,,,,,
38,2.502227306365967,2.4318106174468994,1.7262697219848633,1.6550467014312744,1.690290927886963,0.944828987121582,,,,,,,,,,,,,,,,,,,,,,,,,,,,,,,,,,,,,,,,,,,,
39,2.2457799911499023,2.569814443588257,1.8836894035339355,1.842090368270874,2.1549880504608154,1.5782115459442139,0.7533602714538574,,,,,,,,,,,,,,,,,,,,,,,,,,,,,,,,,,,,,,,,,,,
40,2.0082130432128906,1.9130961894989014,2.2454073429107666,2.371410608291626,1.8957946300506592,1.7238600254058838,1.7318952083587646,1.6532258987426758,1.4055097103118896,,,,,,,,,,,,,,,,,,,,,,,,,,,,,,,,,,,,,,,,,
41,2.083153009414673,2.1043717861175537,1.9080922603607178,1.0000944137573242,,,,,,,,,,,,,,,,,,,,,,,,,,,,,,,,,,,,,,,,,,,,,,
42,2.1447904109954834,2.353132963180542,2.280578374862671,1.815953016281128,1.767362356185913,1.8036866188049316,1.1718940734863281,,,,,,,,,,,,,,,,,,,,,,,,,,,,,,,,,,,,,,,,,,,
43,1.9600095748901367,2.2883474826812744,1.9191582202911377,2.3649160861968994,1.7836503982543945,1.2766530513763428,,,,,,,,,,,,,,,,,,,,,,,,,,,,,,,,,,,,,,,,,,,,
44,1.9107799530029297,2.0943105220794678,2.2306602001190186,2.012192964553833,1.9749302864074707,2.1476891040802,,,,,,,,,,,,,,,,,,,,,,,,,,,,,,,,,,,,,,,,,,,,
45,2.2103331089019775,2.684434175491333,1.6980056762695312,,,,,,,,,,,,,,,,,,,,,,,,,,,,,,,,,,,,,,,,,,,,,,,
46,1.9050633907318115,2.5467476844787598,1.8813502788543701,1.1870200634002686,,,,,,,,,,,,,,,,,,,,,,,,,,,,,,,,,,,,,,,,,,,,,,
47,1.7887485027313232,1.9310762882232666,2.16628098487854,0.9273040294647217,,,,,,,,,,,,,,,,,,,,,,,,,,,,,,,,,,,,,,,,,,,,,,
48,2.204766273498535,2.508542537689209,2.7818350791931152,2.3988404273986816,2.068864107131958,1.2513620853424072,,,,,,,,,,,,,,,,,,,,,,,,,,,,,,,,,,,,,,,,,,,,
49,2.02414608001709,2.1686034202575684,2.1771159172058105,2.192023992538452,2.8194210529327393,1.657607078552246,,,,,,,,,,,,,,,,,,,,,,,,,,,,,,,,,,,,,,,,,,,,
0,2.5174880027770996,1.8781518936157227,2.5384483337402344,1.720644474029541,1.5897364616394043,1.8117892742156982,1.678239107131958,2.150578022003174,1.8891403675079346,0.863339900970459,,,,,,,,,,,,,,,,,,,,,,,,,,,,,,,,,,,,,,,,
1,2.7142577171325684,2.4546456336975098,2.433135509490967,2.08730411529541,1.6342437267303467,0.28729701042175293,,,,,,,,,,,,,,,,,,,,,,,,,,,,,,,,,,,,,,,,,,,,
2,2.0838623046875,2.0081875324249268,2.3295559883117676,2.191118001937866,2.2565267086029053,1.1620876789093018,1.9941740036010742,1.5021188259124756,1.7248072624206543,1.8915109634399414,1.7844200134277344,1.6555039882659912,1.5853641033172607,,,,,,,,,,,,,,,,,,,,,,,,,,,,,,,,,,,,,
3,1.6996715068817139,2.3221113681793213,2.479787826538086,1.7923645973205566,1.7811508178710938,1.8700652122497559,1.0056860446929932,,,,,,,,,,,,,,,,,,,,,,,,,,,,,,,,,,,,,,,,,,,
4,2.2010154724121094,1.9206526279449463,1.9313979148864746,1.5380895137786865,,,,,,,,,,,,,,,,,,,,,,,,,,,,,,,,,,,,,,,,,,,,,,
5,1.8088741302490234,2.1488771438598633,2.2496743202209473,1.6793875694274902,1.7205121517181396,1.8977665901184082,1.014777421951294,,,,,,,,,,,,,,,,,,,,,,,,,,,,,,,,,,,,,,,,,,,
6,2.114163637161255,2.019967555999756,2.352876663208008,1.8584742546081543,1.876471996307373,1.8187100887298584,0.9325833320617676,,,,,,,,,,,,,,,,,,,,,,,,,,,,,,,,,,,,,,,,,,,
7,2.1870830059051514,2.1537222862243652,1.6815743446350098,0.2628962993621826,,,,,,,,,,,,,,,,,,,,,,,,,,,,,,,,,,,,,,,,,,,,,,
8,2.1122677326202393,2.2058310508728027,2.004875421524048,2.1212997436523438,1.4521615505218506,,,,,,,,,,,,,,,,,,,,,,,,,,,,,,,,,,,,,,,,,,,,,
9,2.134810209274292,2.0449371337890625,2.051910877227783,2.0008187294006348,2.227022171020508,1.6478071212768555,,,,,,,,,,,,,,,,,,,,,,,,,,,,,,,,,,,,,,,,,,,,
10,2.4421706199645996,2.189791440963745,2.1065726280212402,2.5778181552886963,2.2878713607788086,1.9186866283416748,1.3223636150360107,1.323300838470459,,,,,,,,,,,,,,,,,,,,,,,,,,,,,,,,,,,,,,,,,,
11,2.02116060256958,2.3072900772094727,2.6684210300445557,1.9666438102722168,1.7820465564727783,2.080977439880371,1.5765352249145508,1.6928207874298096,1.8227386474609375,1.626711130142212,1.3792357444763184,,,,,,,,,,,,,,,,,,,,,,,,,,,,,,,,,,,,,,,
12,1.8153142929077148,2.278984308242798,2.6561827659606934,1.8493967056274414,1.8802688121795654,1.7987582683563232,0.9616305828094482,,,,,,,,,,,,,,,,,,,,,,,,,,,,,,,,,,,,,,,,,,,
13,1.925386667251587,1.951958179473877,1.8989083766937256,,,,,,,,,,,,,,,,,,,,,,,,,,,,,,,,,,,,,,,,,,,,,,,
14,2.105151891708374,2.2966792583465576,2.1554436683654785,1.920835018157959,1.8375177383422852,1.722672939300537,1.95084810256958,1.714083194732666,1.6333599090576172,1.5451104640960693,0.8623690605163574,,,,,,,,,,,,,,,,,,,,,,,,,,,,,,,,,,,,,,,
15,2.0034267902374268,2.1761202812194824,1.9841818809509277,2.4254343509674072,2.1298162937164307,1.8009321689605713,1.6512908935546875,1.4808595180511475,1.1898157596588135,,,,,,,,,,,,,,,,,,,,,,,,,,,,,,,,,,,,,,,,,
16,2.014753580093384,2.565666437149048,2.672067642211914,2.3689448833465576,1.8176305294036865,1.7473442554473877,2.0819804668426514,1.8481776714324951,1.7689244747161865,1.448749303817749,1.4726595878601074,1.5308911800384521,1.6161668300628662,0.3370957374572754,,,,,,,,,,,,,,,,,,,,,,,,,,,,,,,,,,,,
17,1.929957389831543,2.5411007404327393,2.3037731647491455,2.1533379554748535,2.341738224029541,2.247875690460205,1.7302577495574951,1.547976016998291,1.7700085639953613,2.1173319816589355,2.005857229232788,1.6156556606292725,1.4837212562561035,1.9572107791900635,1.5068113803863525,1.4778659343719482,1.3557605743408203,0.34047842025756836,,,,,,,,,,,,,,,,,,,,,,,,,,,,,,,,
18,1.7938921451568604,2.115015745162964,2.276876211166382,1.7372701168060303,1.713388442993164,2.1206414699554443,1.8279297351837158,1.8548390865325928,1.6350436210632324,1.2329514026641846,1.222860336303711,,,,,,,,,,,,,,,,,,,,,,,,,,,,,,,,,,,,,,,
19,2.6597683429718018,2.2216739654541016,2.1448373794555664,1.8127250671386719,,,,,,,,,,,,,,,,,,,,,,,,,,,,,,,,,,,,,,,,,,,,,,
20,2.2488951683044434,2.5698885917663574,1.9251582622528076,1.9193525314331055,2.160050868988037,1.8068304061889648,0.33331847190856934,,,,,,,,,,,,,,,,,,,,,,,,,,,,,,,,,,,,,,,,,,,
21,1.8649792671203613,2.0028960704803467,2.0803170204162598,2.6808717250823975,2.1280574798583984,2.4009904861450195,1.6963660717010498,1.7049598693847656,1.6798427104949951,1.5485806465148926,1.705920696258545,1.6296484470367432,1.3755402565002441,,,,,,,,,,,,,,,,,,,,,,,,,,,,,,,,,,,,,
22,1.7688307762145996,2.0217928886413574,2.0426878929138184,1.9542138576507568,,,,,,,,,,,,,,,,,,,,,,,,,,,,,,,,,,,,,,,,,,,,,,
23,1.8511803150177002,2.251603603363037,2.2194528579711914,1.823082447052002,2.314882516860962,1.9866223335266113,1.6258654594421387,2.0983643531799316,1.739973783493042,1.7382330894470215,1.7485814094543457,1.108429193496704,,,,,,,,,,,,,,,,,,,,,,,,,,,,,,,,,,,,,,
24,1.785325527191162,2.281233072280884,2.152953624725342,1.9708826541900635,1.9666690826416016,1.4325332641601562,,,,,,,,,,,,,,,,,,,,,,,,,,,,,,,,,,,,,,,,,,,,
25,2.226174831390381,2.1231536865234375,1.853501796722412,1.9194190502166748,1.760453224182129,1.7959747314453125,,,,,,,,,,,,,,,,,,,,,,,,,,,,,,,,,,,,,,,,,,,,
26,2.0656416416168213,2.0637359619140625,1.9734983444213867,1.8180155754089355,1.0065333843231201,,,,,,,,,,,,,,,,,,,,,,,,,,,,,,,,,,,,,,,,,,,,,
27,2.0225577354431152,1.765411376953125,2.0115246772766113,2.1548593044281006,2.0159192085266113,2.2596890926361084,,,,,,,,,,,,,,,,,,,,,,,,,,,,,,,,,,,,,,,,,,,,
28,2.089381694793701,2.232165813446045,2.3501217365264893,1.943462610244751,1.8132190704345703,1.7301478385925293,0.9867088794708252,,,,,,,,,,,,,,,,,,,,,,,,,,,,,,,,,,,,,,,,,,,
29,1.8947911262512207,2.2881107330322266,2.540147542953491,1.7850699424743652,1.7812001705169678,2.1103780269622803,1.6896278858184814,0.7570452690124512,,,,,,,,,,,,,,,,,,,,,,,,,,,,,,,,,,,,,,,,,,
30,2.5019166469573975,2.4903180599212646,1.7354774475097656,1.7508671283721924,1.7217516899108887,1.2080342769622803,,,,,,,,,,,,,,,,,,,,,,,,,,,,,,,,,,,,,,,,,,,,
31,1.9827425479888916,2.2029271125793457,2.514192581176758,1.788306474685669,1.7398309707641602,1.8896536827087402,1.1710293292999268,,,,,,,,,,,,,,,,,,,,,,,,,,,,,,,,,,,,,,,,,,,
32,1.8678297996520996,2.483930826187134,2.6157891750335693,1.7572894096374512,1.7469313144683838,1.58021879196167,1.6038191318511963,1.006272554397583,,,,,,,,,,,,,,,,,,,,,,,,,,,,,,,,,,,,,,,,,,
33,2.126269817352295,2.133284330368042,2.0831048488616943,2.2818610668182373,1.8969557285308838,1.9325218200683594,1.6848783493041992,1.8616375923156738,1.7597827911376953,1.5160655975341797,1.3612349033355713,1.2364387512207031,1.2263329029083252,1.408862590789795,1.1509418487548828,,,,,,,,,,,,,,,,,,,,,,,,,,,,,,,,,,,
34,1.8855524063110352,2.295504570007324,2.540653944015503,1.9272828102111816,1.8047516345977783,1.8788962364196777,0.9622159004211426,,,,,,,,,,,,,,,,,,,,,,,,,,,,,,,,,,,,,,,,,,,
35,2.065080404281616,2.291537046432495,2.3548295497894287,2.0644748210906982,1.70693039894104,1.7720203399658203,1.616185188293457,1.8970954418182373,1.5219354629516602,0.9711506366729736,,,,,,,,,,,,,,,,,,,,,,,,,,,,,,,,,,,,,,,,
36,2.509363889694214,2.2000036239624023,1.7392783164978027,0.9087085723876953,,,,,,,,,,,,,,,,,,,,,,,,,,,,,,,,,,,,,,,,,,,,,,
37,1.8433079719543457,2.3433823585510254,2.3395068645477295,1.8156275749206543,1.7453186511993408,2.211127996444702,1.7526805400848389,1.7059781551361084,0.3071126937866211,,,,,,,,,,,,,,,,,,,,,,,,,,,,,,,,,,,,,,,,,
38,1.872633695602417,2.1614811420440674,2.4917080402374268,1.7569551467895508,1.6763546466827393,1.9273223876953125,2.268237590789795,2.1848015785217285,1.7039735317230225,0.8596620559692383,,,,,,,,,,,,,,,,,,,,,,,,,,,,,,,,,,,,,,,,
39,1.790766716003418,2.0099716186523438,2.4155478477478027,1.959665298461914,1.609623908996582,1.7851006984710693,1.1203646659851074,,,,,,,,,,,,,,,,,,,,,,,,,,,,,,,,,,,,,,,,,,,
40,2.289720058441162,2.3827269077301025,1.7296380996704102,1.8880748748779297,1.4418323040008545,1.9823083877563477,1.1510474681854248,,,,,,,,,,,,,,,,,,,,,,,,,,,,,,,,,,,,,,,,,,,
41,2.0099434852600098,1.8176450729370117,1.9207911491394043,1.8397860527038574,1.9775826930999756,1.7711856365203857,,,,,,,,,,,,,,,,,,,,,,,,,,,,,,,,,,,,,,,,,,,,
42,1.9009766578674316,1.9435467720031738,1.5657765865325928,0.9566946029663086,,,,,,,,,,,,,,,,,,,,,,,,,,,,,,,,,,,,,,,,,,,,,,
43,1.9576330184936523,2.0522212982177734,2.0862860679626465,2.2869648933410645,1.5780034065246582,1.8146181106567383,1.8007032871246338,,,,,,,,,,,,,,,,,,,,,,,,,,,,,,,,,,,,,,,,,,,
44,1.8458738327026367,1.8924357891082764,2.291346549987793,1.7579574584960938,1.7817261219024658,2.2605738639831543,1.6140358448028564,0.5768425464630127,,,,,,,,,,,,,,,,,,,,,,,,,,,,,,,,,,,,,,,,,,
45,1.8225634098052979,1.9511761665344238,2.068450689315796,1.9218096733093262,1.7978739738464355,1.6887617111206055,1.5435912609100342,1.6304023265838623,1.8075377941131592,1.4657223224639893,1.550452709197998,1.404691219329834,1.4401261806488037,1.2818303108215332,1.1705474853515625,,,,,,,,,,,,,,,,,,,,,,,,,,,,,,,,,,,
46,2.0329556465148926,2.3858518600463867,1.929872751235962,1.7653217315673828,,,,,,,,,,,,,,,,,,,,,,,,,,,,,,,,,,,,,,,,,,,,,,
47,2.0028538703918457,1.9995496273040771,2.0691261291503906,1.9012234210968018,1.6784703731536865,2.3854644298553467,2.0079336166381836,1.6858711242675781,1.550919532775879,1.702117919921875,,,,,,,,,,,,,,,,,,,,,,,,,,,,,,,,,,,,,,,,
48,2.0736560821533203,2.3767850399017334,2.1381983757019043,2.138406276702881,2.125753402709961,1.9956047534942627,1.654994010925293,1.8902781009674072,1.7005372047424316,1.4522490501403809,1.5434646606445312,1.503004789352417,1.486119031906128,0.48383212089538574,,,,,,,,,,,,,,,,,,,,,,,,,,,,,,,,,,,,
49,1.679572582244873,2.180117607116699,2.3464930057525635,1.4109878540039062,,,,,,,,,,,,,,,,,,,,,,,,,,,,,,,,,,,,,,,,,,,,,,
0,2.42401123046875,2.2757585048675537,2.3410141468048096,1.7920117378234863,0.7001233100891113,,,,,,,,,,,,,,,,,,,,,,,,,,,,,,,,,,,,,,,,,,,,,
1,1.8543808460235596,2.1631553173065186,2.033006429672241,2.135845899581909,2.1785848140716553,1.6823303699493408,0.5475549697875977,,,,,,,,,,,,,,,,,,,,,,,,,,,,,,,,,,,,,,,,,,,
2,1.9329795837402344,1.8081974983215332,2.23618483543396,2.331202268600464,1.804612159729004,1.4784729480743408,0.37836599349975586,,,,,,,,,,,,,,,,,,,,,,,,,,,,,,,,,,,,,,,,,,,
3,1.9566075801849365,2.12005877494812,2.674247980117798,1.8703463077545166,,,,,,,,,,,,,,,,,,,,,,,,,,,,,,,,,,,,,,,,,,,,,,
4,1.7272741794586182,2.506896734237671,2.2692313194274902,1.6188380718231201,0.29412007331848145,,,,,,,,,,,,,,,,,,,,,,,,,,,,,,,,,,,,,,,,,,,,,
5,1.7399685382843018,1.9737753868103027,2.4886250495910645,1.6526789665222168,0.4804999828338623,,,,,,,,,,,,,,,,,,,,,,,,,,,,,,,,,,,,,,,,,,,,,
6,1.642225742340088,2.165634870529175,2.4391708374023438,1.6643328666687012,0.40610337257385254,,,,,,,,,,,,,,,,,,,,,,,,,,,,,,,,,,,,,,,,,,,,,
7,1.748445749282837,2.288586378097534,2.299668312072754,1.8168232440948486,0.2886042594909668,,,,,,,,,,,,,,,,,,,,,,,,,,,,,,,,,,,,,,,,,,,,,
8,1.6234676837921143,2.356895923614502,2.4332737922668457,1.8423316478729248,1.6950175762176514,1.997208595275879,1.6011462211608887,0.638200044631958,,,,,,,,,,,,,,,,,,,,,,,,,,,,,,,,,,,,,,,,,,
9,1.7648077011108398,2.5332138538360596,2.406498432159424,1.5676140785217285,0.7964067459106445,,,,,,,,,,,,,,,,,,,,,,,,,,,,,,,,,,,,,,,,,,,,,
10,1.628925085067749,2.350626230239868,2.430562973022461,1.582373857498169,0.26253771781921387,,,,,,,,,,,,,,,,,,,,,,,,,,,,,,,,,,,,,,,,,,,,,
11,1.6309731006622314,2.1240973472595215,2.3299434185028076,1.6545066833496094,0.4206044673919678,,,,,,,,,,,,,,,,,,,,,,,,,,,,,,,,,,,,,,,,,,,,,
12,1.643075704574585,2.2563130855560303,2.3602073192596436,1.624666690826416,0.6778964996337891,,,,,,,,,,,,,,,,,,,,,,,,,,,,,,,,,,,,,,,,,,,,,
13,1.753927230834961,2.3155555725097656,2.445347785949707,1.671875238418579,0.3173696994781494,,,,,,,,,,,,,,,,,,,,,,,,,,,,,,,,,,,,,,,,,,,,,
14,1.7340164184570312,1.6726665496826172,2.435305595397949,1.8060393333435059,1.6426043510437012,1.9318418502807617,1.616844892501831,0.7320799827575684,,,,,,,,,,,,,,,,,,,,,,,,,,,,,,,,,,,,,,,,,,
15,1.6372556686401367,2.3866405487060547,2.456517457962036,1.5959978103637695,0.33547401428222656,,,,,,,,,,,,,,,,,,,,,,,,,,,,,,,,,,,,,,,,,,,,,
16,1.6357064247131348,2.1300575733184814,2.456021308898926,1.5745816230773926,0.6962723731994629,,,,,,,,,,,,,,,,,,,,,,,,,,,,,,,,,,,,,,,,,,,,,
17,1.8122479915618896,2.0884904861450195,2.197521686553955,2.3618810176849365,2.0354459285736084,2.2509570121765137,1.7828919887542725,1.2776238918304443,,,,,,,,,,,,,,,,,,,,,,,,,,,,,,,,,,,,,,,,,,
18,1.9172844886779785,1.9327583312988281,1.8537776470184326,1.6678388118743896,1.8878202438354492,1.9302077293395996,1.7770099639892578,1.722578525543213,2.0351550579071045,1.0539581775665283,,,,,,,,,,,,,,,,,,,,,,,,,,,,,,,,,,,,,,,,
19,1.7274842262268066,2.3694558143615723,2.3005518913269043,1.6167216300964355,0.32053375244140625,,,,,,,,,,,,,,,,,,,,,,,,,,,,,,,,,,,,,,,,,,,,,
20,1.7932806015014648,1.674997329711914,1.875427484512329,1.6908607482910156,1.8295097351074219,1.2273473739624023,,,,,,,,,,,,,,,,,,,,,,,,,,,,,,,,,,,,,,,,,,,,
21,1.838850975036621,2.464553117752075,2.291783332824707,1.6912086009979248,0.29657936096191406,,,,,,,,,,,,,,,,,,,,,,,,,,,,,,,,,,,,,,,,,,,,,
22,1.7433605194091797,2.594747304916382,2.479485034942627,1.6910462379455566,0.291689395904541,,,,,,,,,,,,,,,,,,,,,,,,,,,,,,,,,,,,,,,,,,,,,
23,1.8425707817077637,1.9991228580474854,2.222224473953247,1.8717281818389893,1.893723726272583,1.9290213584899902,1.6788055896759033,1.7500824928283691,1.168321132659912,1.9374313354492188,1.620025873184204,,,,,,,,,,,,,,,,,,,,,,,,,,,,,,,,,,,,,,,
24,1.8003554344177246,1.9974732398986816,2.3013081550598145,1.7093112468719482,0.5526423454284668,,,,,,,,,,,,,,,,,,,,,,,,,,,,,,,,,,,,,,,,,,,,,
25,1.7440240383148193,2.143747329711914,2.542130947113037,2.0273876190185547,1.9978771209716797,1.7736427783966064,1.0547692775726318,0.8452653884887695,,,,,,,,,,,,,,,,,,,,,,,,,,,,,,,,,,,,,,,,,,
26,1.8657793998718262,1.9408016204833984,1.9489247798919678,2.0015156269073486,1.8881893157958984,0.95304274559021,,,,,,,,,,,,,,,,,,,,,,,,,,,,,,,,,,,,,,,,,,,,
27,1.817168951034546,2.1104238033294678,2.423307418823242,1.9894845485687256,2.0722994804382324,1.7868139743804932,1.6302475929260254,,,,,,,,,,,,,,,,,,,,,,,,,,,,,,,,,,,,,,,,,,,
28,1.8571186065673828,2.1854395866394043,2.2737274169921875,1.7276906967163086,0.6627931594848633,,,,,,,,,,,,,,,,,,,,,,,,,,,,,,,,,,,,,,,,,,,,,
29,1.9015474319458008,2.043374538421631,2.1569437980651855,2.22602915763855,2.03692889213562,,,,,,,,,,,,,,,,,,,,,,,,,,,,,,,,,,,,,,,,,,,,,
30,1.944392442703247,2.1967434883117676,2.386915445327759,1.608450174331665,0.834418773651123,,,,,,,,,,,,,,,,,,,,,,,,,,,,,,,,,,,,,,,,,,,,,
31,1.771350622177124,1.737041711807251,1.8919963836669922,1.7865653038024902,1.61893892288208,1.801438570022583,1.510768175125122,1.1559453010559082,,,,,,,,,,,,,,,,,,,,,,,,,,,,,,,,,,,,,,,,,,
32,1.919769287109375,2.149160146713257,2.2098488807678223,1.7030625343322754,0.7808430194854736,,,,,,,,,,,,,,,,,,,,,,,,,,,,,,,,,,,,,,,,,,,,,
33,1.936906337738037,1.9425766468048096,2.170673131942749,1.6375977993011475,1.0280354022979736,,,,,,,,,,,,,,,,,,,,,,,,,,,,,,,,,,,,,,,,,,,,,
34,1.8405358791351318,2.0401697158813477,1.9170660972595215,2.039386749267578,2.5086045265197754,1.6303956508636475,0.5600042343139648,,,,,,,,,,,,,,,,,,,,,,,,,,,,,,,,,,,,,,,,,,,
35,1.764880895614624,2.2539186477661133,2.4548370838165283,1.6765849590301514,1.8949201107025146,1.700124979019165,1.7432518005371094,1.8792686462402344,1.8111271858215332,1.6934120655059814,0.6031701564788818,,,,,,,,,,,,,,,,,,,,,,,,,,,,,,,,,,,,,,,
36,1.618241548538208,2.4538421630859375,2.327515125274658,1.8260014057159424,1.7102501392364502,2.0758492946624756,1.7535433769226074,0.9117093086242676,,,,,,,,,,,,,,,,,,,,,,,,,,,,,,,,,,,,,,,,,,
37,1.762207269668579,1.6862983703613281,2.6525402069091797,1.8270046710968018,0.5144093036651611,,,,,,,,,,,,,,,,,,,,,,,,,,,,,,,,,,,,,,,,,,,,,
38,1.9092702865600586,1.8798747062683105,2.6274325847625732,2.395418167114258,1.5403165817260742,0.3488638401031494,,,,,,,,,,,,,,,,,,,,,,,,,,,,,,,,,,,,,,,,,,,,
39,1.7838716506958008,2.12907338142395,2.3856468200683594,1.6422650814056396,0.4778625965118408,,,,,,,,,,,,,,,,,,,,,,,,,,,,,,,,,,,,,,,,,,,,,
40,1.9137043952941895,1.807253122329712,1.8209502696990967,2.0777602195739746,1.6214311122894287,1.7509124279022217,0.8568317890167236,,,,,,,,,,,,,,,,,,,,,,,,,,,,,,,,,,,,,,,,,,,
41,1.7977168560028076,2.0910799503326416,2.09682297706604,2.4313950538635254,1.6637639999389648,0.7273316383361816,,,,,,,,,,,,,,,,,,,,,,,,,,,,,,,,,,,,,,,,,,,,
42,1.6229329109191895,2.19944167137146,2.4705650806427,1.5971450805664062,0.27925705909729004,,,,,,,,,,,,,,,,,,,,,,,,,,,,,,,,,,,,,,,,,,,,,
43,1.630255937576294,1.859898328781128,1.931556224822998,1.6065003871917725,0.7915761470794678,,,,,,,,,,,,,,,,,,,,,,,,,,,,,,,,,,,,,,,,,,,,,
44,1.8450844287872314,2.1150965690612793,2.126466751098633,2.2616753578186035,1.7065191268920898,1.746274709701538,2.1105520725250244,1.7263836860656738,1.5670578479766846,,,,,,,,,,,,,,,,,,,,,,,,,,,,,,,,,,,,,,,,,
45,1.8232464790344238,1.9588820934295654,2.189253330230713,1.7962749004364014,1.562476634979248,1.2930316925048828,,,,,,,,,,,,,,,,,,,,,,,,,,,,,,,,,,,,,,,,,,,,
46,1.9287779331207275,1.8796055316925049,2.1531245708465576,1.5949134826660156,0.412975549697876,,,,,,,,,,,,,,,,,,,,,,,,,,,,,,,,,,,,,,,,,,,,,
47,1.7784764766693115,2.0706241130828857,2.11537504196167,1.7664833068847656,1.0604798793792725,,,,,,,,,,,,,,,,,,,,,,,,,,,,,,,,,,,,,,,,,,,,,
48,1.6229372024536133,2.243823766708374,2.258897066116333,1.7942531108856201,0.6399707794189453,,,,,,,,,,,,,,,,,,,,,,,,,,,,,,,,,,,,,,,,,,,,,
49,1.6247222423553467,2.1680867671966553,2.460456609725952,1.6271483898162842,0.433211088180542,,,,,,,,,,,,,,,,,,,,,,,,,,,,,,,,,,,,,,,,,,,,,
0,2.56406831741333,2.2678022384643555,1.7762787342071533,2.125221014022827,2.0562665462493896,2.0972282886505127,2.066807508468628,2.238976001739502,1.8148820400238037,0.30323266983032227,,,,,,,,,,,,,,,,,,,,,,,,,,,,,,,,,,,,,,,,
1,2.1852054595947266,2.3046014308929443,2.1371991634368896,2.0908687114715576,2.2083752155303955,1.9615228176116943,1.7219812870025635,1.6970198154449463,1.8452115058898926,1.366556167602539,0.37939882278442383,,,,,,,,,,,,,,,,,,,,,,,,,,,,,,,,,,,,,,,
2,2.1384365558624268,2.0327584743499756,2.4573118686676025,2.287248134613037,2.1009411811828613,1.941927433013916,2.0411605834960938,1.915498971939087,2.0506978034973145,1.7819838523864746,0.9128878116607666,,,,,,,,,,,,,,,,,,,,,,,,,,,,,,,,,,,,,,,
3,2.160039186477661,2.1888175010681152,1.8875765800476074,2.0927789211273193,2.009317398071289,2.173637866973877,2.3095908164978027,1.7336549758911133,1.7513556480407715,1.4780011177062988,1.0718474388122559,,,,,,,,,,,,,,,,,,,,,,,,,,,,,,,,,,,,,,,
4,2.0016045570373535,1.832158088684082,1.966980218887329,1.5029237270355225,1.8836848735809326,1.5095274448394775,0.5368325710296631,,,,,,,,,,,,,,,,,,,,,,,,,,,,,,,,,,,,,,,,,,,
5,1.7157049179077148,1.9492371082305908,2.071948528289795,1.936180591583252,1.982304573059082,1.6597185134887695,1.9109864234924316,1.7722666263580322,1.722301959991455,1.691908597946167,1.6252753734588623,2.1084225177764893,2.0660037994384766,1.3736333847045898,1.504425048828125,1.5123891830444336,1.7265491485595703,1.621565341949463,1.7718734741210938,1.486678123474121,,,,,,,,,,,,,,,,,,,,,,,,,,,,,,
6,1.8924310207366943,1.8909828662872314,1.9103789329528809,1.711533784866333,1.1529262065887451,,,,,,,,,,,,,,,,,,,,,,,,,,,,,,,,,,,,,,,,,,,,,
7,2.001598596572876,2.099522352218628,2.027282476425171,2.0059075355529785,1.9235451221466064,1.730527639389038,1.9503352642059326,1.8830151557922363,1.7678167819976807,1.2997753620147705,,,,,,,,,,,,,,,,,,,,,,,,,,,,,,,,,,,,,,,,
8,1.9824111461639404,2.0282318592071533,2.20358943939209,2.130335569381714,1.9132931232452393,2.0982606410980225,1.441392183303833,,,,,,,,,,,,,,,,,,,,,,,,,,,,,,,,,,,,,,,,,,,
9,2.0187435150146484,2.1531357765197754,2.6199135780334473,2.380417585372925,2.0207598209381104,2.249829053878784,1.9306042194366455,1.8826379776000977,1.9973998069763184,1.7098472118377686,1.1163513660430908,,,,,,,,,,,,,,,,,,,,,,,,,,,,,,,,,,,,,,,
10,2.2139651775360107,2.0558271408081055,2.0514655113220215,1.799785852432251,1.8787684440612793,1.4526276588439941,,,,,,,,,,,,,,,,,,,,,,,,,,,,,,,,,,,,,,,,,,,,
11,2.0049142837524414,1.7319700717926025,1.9531207084655762,1.9573278427124023,1.976754903793335,1.8750660419464111,1.9776020050048828,1.2771315574645996,,,,,,,,,,,,,,,,,,,,,,,,,,,,,,,,,,,,,,,,,,
12,1.7160043716430664,1.987633228302002,2.099382162094116,2.0405113697052,1.9730114936828613,1.927870273590088,1.7718713283538818,1.7338013648986816,0.8906619548797607,,,,,,,,,,,,,,,,,,,,,,,,,,,,,,,,,,,,,,,,,
13,1.9862847328186035,1.9455463886260986,1.9367966651916504,1.9565882682800293,2.1624093055725098,1.669567584991455,1.731213092803955,1.6859440803527832,1.6939384937286377,1.3343465328216553,,,,,,,,,,,,,,,,,,,,,,,,,,,,,,,,,,,,,,,,
14,1.9006845951080322,1.6603748798370361,1.9695847034454346,1.736175537109375,1.8718039989471436,1.779137134552002,1.6576943397521973,1.721221923828125,1.0662660598754883,,,,,,,,,,,,,,,,,,,,,,,,,,,,,,,,,,,,,,,,,
15,1.9559974670410156,2.0152432918548584,1.817155122756958,1.333521842956543,,,,,,,,,,,,,,,,,,,,,,,,,,,,,,,,,,,,,,,,,,,,,,
16,1.7359178066253662,1.8214912414550781,2.097456216812134,1.8173606395721436,1.8914518356323242,1.932584524154663,2.146695375442505,1.4364004135131836,1.7083525657653809,1.6109192371368408,1.6393396854400635,0.3279736042022705,,,,,,,,,,,,,,,,,,,,,,,,,,,,,,,,,,,,,,
17,1.947173833847046,1.9251666069030762,1.9423401355743408,1.9758250713348389,2.1591603755950928,1.663607120513916,2.183497667312622,1.6907219886779785,1.737309217453003,1.832146167755127,0.7933602333068848,,,,,,,,,,,,,,,,,,,,,,,,,,,,,,,,,,,,,,,
18,2.013500213623047,2.2269041538238525,2.058610200881958,1.991258144378662,1.3586077690124512,,,,,,,,,,,,,,,,,,,,,,,,,,,,,,,,,,,,,,,,,,,,,
19,1.9836390018463135,2.0827174186706543,1.9133822917938232,1.7255291938781738,2.3378403186798096,2.151620626449585,1.7527589797973633,1.743955135345459,1.2771186828613281,0.7930307388305664,,,,,,,,,,,,,,,,,,,,,,,,,,,,,,,,,,,,,,,,
20,1.700439453125,1.6196095943450928,1.8888609409332275,2.215546131134033,1.992363691329956,1.8648486137390137,1.9408965110778809,2.0280888080596924,2.248211622238159,1.9083755016326904,1.5889365673065186,1.4557979106903076,0.32840728759765625,,,,,,,,,,,,,,,,,,,,,,,,,,,,,,,,,,,,,
21,2.125840902328491,2.0829312801361084,2.368696928024292,2.477166175842285,1.7701268196105957,1.9591295719146729,1.0667266845703125,,,,,,,,,,,,,,,,,,,,,,,,,,,,,,,,,,,,,,,,,,,
22,2.1122794151306152,1.869828462600708,2.0111043453216553,2.246457099914551,2.4414560794830322,1.8142154216766357,2.150883674621582,1.426372766494751,,,,,,,,,,,,,,,,,,,,,,,,,,,,,,,,,,,,,,,,,,
23,1.67106294631958,1.974194049835205,2.174666166305542,2.2327396869659424,1.9292993545532227,1.990452527999878,1.868757724761963,1.9249396324157715,1.6588947772979736,1.639648675918579,1.873384952545166,0.6563751697540283,,,,,,,,,,,,,,,,,,,,,,,,,,,,,,,,,,,,,,
24,1.8181533813476562,1.9212768077850342,1.6478924751281738,2.137296199798584,1.7531445026397705,1.8429460525512695,1.9129281044006348,1.68748140335083,1.513261318206787,1.3249187469482422,1.0187180042266846,,,,,,,,,,,,,,,,,,,,,,,,,,,,,,,,,,,,,,,
25,2.0625393390655518,2.5260727405548096,1.8674201965332031,1.987199306488037,1.4200005531311035,0.3092634677886963,,,,,,,,,,,,,,,,,,,,,,,,,,,,,,,,,,,,,,,,,,,,
26,1.8020367622375488,1.7468085289001465,1.8681840896606445,2.4840357303619385,2.2283058166503906,1.7552032470703125,2.1026217937469482,1.9011285305023193,1.5424764156341553,0.36056947708129883,,,,,,,,,,,,,,,,,,,,,,,,,,,,,,,,,,,,,,,,
27,1.991089105606079,1.85219407081604,2.0236003398895264,2.003708600997925,1.9821338653564453,2.001424789428711,1.492631435394287,,,,,,,,,,,,,,,,,,,,,,,,,,,,,,,,,,,,,,,,,,,
28,2.1417734622955322,2.0532596111297607,2.3803458213806152,2.338404893875122,1.7553825378417969,2.2916746139526367,1.8058249950408936,1.771514654159546,1.8544771671295166,1.5914034843444824,1.6138684749603271,1.4389379024505615,0.2826964855194092,,,,,,,,,,,,,,,,,,,,,,,,,,,,,,,,,,,,,
29,1.7638180255889893,1.716916799545288,1.68739652633667,1.9455924034118652,2.120626926422119,2.1691184043884277,1.774777889251709,1.6958129405975342,1.6482529640197754,1.8806467056274414,1.629993200302124,2.1469407081604004,2.0713443756103516,1.6656720638275146,1.4807109832763672,0.6455175876617432,,,,,,,,,,,,,,,,,,,,,,,,,,,,,,,,,,
30,1.8639695644378662,1.8273251056671143,1.7739267349243164,1.8901565074920654,1.7824482917785645,1.979327917098999,1.668154239654541,1.656691312789917,1.7134404182434082,0.5965940952301025,,,,,,,,,,,,,,,,,,,,,,,,,,,,,,,,,,,,,,,,
31,1.962346076965332,2.2798922061920166,2.0743961334228516,1.954240322113037,2.1819090843200684,1.9202499389648438,2.173584222793579,1.838047981262207,1.3870890140533447,,,,,,,,,,,,,,,,,,,,,,,,,,,,,,,,,,,,,,,,,
32,1.9600188732147217,2.2486915588378906,2.430654287338257,1.9215469360351562,1.9602694511413574,1.903122901916504,2.0143229961395264,2.1075615882873535,2.015636920928955,1.7946043014526367,2.0526063442230225,1.7353320121765137,0.41693735122680664,,,,,,,,,,,,,,,,,,,,,,,,,,,,,,,,,,,,,
33,2.003178834915161,2.073408603668213,2.193225860595703,2.2100908756256104,1.9244287014007568,1.9687657356262207,2.253384590148926,2.400238037109375,2.0562825202941895,1.9126758575439453,2.0650124549865723,1.7193121910095215,1.2818453311920166,0.9451122283935547,,,,,,,,,,,,,,,,,,,,,,,,,,,,,,,,,,,,
34,1.8861401081085205,2.025493621826172,2.0480310916900635,1.9056859016418457,2.088778495788574,1.7247121334075928,2.3137218952178955,1.6326565742492676,0.847667932510376,,,,,,,,,,,,,,,,,,,,,,,,,,,,,,,,,,,,,,,,,
35,2.03950834274292,2.041647434234619,2.0019686222076416,1.9447510242462158,1.918480634689331,1.7216148376464844,2.1796112060546875,1.9620130062103271,2.0146713256835938,2.064788341522217,1.864666223526001,0.40175485610961914,,,,,,,,,,,,,,,,,,,,,,,,,,,,,,,,,,,,,,
36,2.0692362785339355,1.9023163318634033,2.0004823207855225,1.759096622467041,1.8913569450378418,1.865736722946167,1.8965153694152832,2.104950428009033,2.017483711242676,1.5169057846069336,1.0906057357788086,,,,,,,,,,,,,,,,,,,,,,,,,,,,,,,,,,,,,,,
37,1.830125331878662,1.9050023555755615,1.8388948440551758,1.8966712951660156,1.8634111881256104,2.2259058952331543,1.9734647274017334,2.1772847175598145,2.4071314334869385,1.7612669467926025,0.33873677253723145,,,,,,,,,,,,,,,,,,,,,,,,,,,,,,,,,,,,,,,
38,2.074429988861084,2.0401360988616943,2.218782424926758,2.5356953144073486,1.831773281097412,2.128545045852661,1.985428810119629,2.0687692165374756,1.6891274452209473,1.9058396816253662,1.806654930114746,1.749483346939087,1.998615026473999,1.7696592807769775,1.5218322277069092,0.8044233322143555,,,,,,,,,,,,,,,,,,,,,,,,,,,,,,,,,,
39,2.055161237716675,2.076387643814087,2.1557962894439697,1.8872408866882324,1.8041119575500488,1.7766211032867432,1.8043625354766846,1.7743024826049805,1.7570390701293945,1.9124486446380615,1.6373283863067627,1.69989013671875,0.9633972644805908,,,,,,,,,,,,,,,,,,,,,,,,,,,,,,,,,,,,,
40,1.6954083442687988,1.8213238716125488,2.262437343597412,1.9257304668426514,2.1625704765319824,1.895056962966919,2.0917770862579346,2.098494529724121,1.4662151336669922,0.469696044921875,,,,,,,,,,,,,,,,,,,,,,,,,,,,,,,,,,,,,,,,
41,1.9365887641906738,1.9541456699371338,1.833125114440918,1.9949698448181152,2.089113473892212,2.0218920707702637,1.9008502960205078,1.76076078414917,1.816838264465332,1.761009931564331,1.6080563068389893,1.450916051864624,,,,,,,,,,,,,,,,,,,,,,,,,,,,,,,,,,,,,,
42,1.7014625072479248,1.9340143203735352,2.0430262088775635,2.288020610809326,1.7001869678497314,0.5812618732452393,,,,,,,,,,,,,,,,,,,,,,,,,,,,,,,,,,,,,,,,,,,,
43,2.025566816329956,1.842651605606079,1.9413321018218994,1.7860045433044434,1.8578615188598633,1.8397626876831055,1.862929344177246,1.080786943435669,1.6432926654815674,1.697099208831787,1.7397346496582031,1.6143507957458496,1.6517064571380615,1.423902988433838,,,,,,,,,,,,,,,,,,,,,,,,,,,,,,,,,,,,
44,1.9679555892944336,1.8442866802215576,1.9781148433685303,1.8001301288604736,2.07261323928833,2.063358783721924,2.0172407627105713,2.188389778137207,2.104611873626709,1.9414243698120117,1.8380355834960938,1.9543254375457764,1.737532615661621,1.6604104042053223,1.7742156982421875,1.479628086090088,1.4477872848510742,1.4022176265716553,1.3923988342285156,1.035494327545166,,,,,,,,,,,,,,,,,,,,,,,,,,,,,,
45,1.6807732582092285,1.7846457958221436,1.7733266353607178,2.4777395725250244,2.5267486572265625,2.0969114303588867,2.006098985671997,2.0538437366485596,1.5999548435211182,1.7081019878387451,0.9696974754333496,,,,,,,,,,,,,,,,,,,,,,,,,,,,,,,,,,,,,,,
46,1.9455211162567139,1.863337516784668,1.7699894905090332,1.956949234008789,1.91815185546875,2.0469183921813965,1.6961076259613037,2.028050661087036,1.5292561054229736,1.669248342514038,2.118795394897461,1.5422489643096924,0.8321993350982666,,,,,,,,,,,,,,,,,,,,,,,,,,,,,,,,,,,,,
47,2.15893292427063,2.0856404304504395,1.9104173183441162,2.3655474185943604,2.519179344177246,2.4238710403442383,1.7347419261932373,0.5409092903137207,,,,,,,,,,,,,,,,,,,,,,,,,,,,,,,,,,,,,,,,,,
48,1.9999659061431885,1.8783094882965088,2.0188817977905273,1.9366097450256348,1.9145169258117676,2.0597004890441895,1.941030740737915,0.9212415218353271,,,,,,,,,,,,,,,,,,,,,,,,,,,,,,,,,,,,,,,,,,
49,1.7829949855804443,1.674631118774414,2.139014482498169,1.6553311347961426,1.9990947246551514,1.3752334117889404,2.0328800678253174,2.213027000427246,1.729093313217163,0.3405611515045166,,,,,,,,,,,,,,,,,,,,,,,,,,,,,,,,,,,,,,,,
0,2.4890851974487305,2.3309829235076904,1.7916145324707031,1.7536132335662842,1.6679937839508057,1.7067742347717285,1.5729820728302002,1.0715725421905518,,,,,,,,,,,,,,,,,,,,,,,,,,,,,,,,,,,,,,,,,,
1,1.8285398483276367,1.7300207614898682,1.3505439758300781,,,,,,,,,,,,,,,,,,,,,,,,,,,,,,,,,,,,,,,,,,,,,,,
2,1.948469877243042,1.9817299842834473,2.2680914402008057,1.9930627346038818,1.04473876953125,,,,,,,,,,,,,,,,,,,,,,,,,,,,,,,,,,,,,,,,,,,,,
3,2.03011417388916,1.9481029510498047,1.9833781719207764,2.129866361618042,2.130114793777466,1.9265928268432617,1.766094446182251,1.3947734832763672,,,,,,,,,,,,,,,,,,,,,,,,,,,,,,,,,,,,,,,,,,
4,2.380589008331299,2.1669435501098633,2.331799030303955,1.949765682220459,2.0756068229675293,2.2160167694091797,1.6808383464813232,1.6658833026885986,0.9532601833343506,,,,,,,,,,,,,,,,,,,,,,,,,,,,,,,,,,,,,,,,,
5,1.9547977447509766,1.9883787631988525,1.8358218669891357,1.9504375457763672,1.991368055343628,1.5199599266052246,,,,,,,,,,,,,,,,,,,,,,,,,,,,,,,,,,,,,,,,,,,,
6,1.9564709663391113,2.3035500049591064,2.028082847595215,1.9509847164154053,1.9310927391052246,2.1008317470550537,1.6792778968811035,1.6433234214782715,1.5306181907653809,1.6027791500091553,1.8056421279907227,1.5850157737731934,1.6713342666625977,1.681535243988037,1.4338710308074951,1.3979160785675049,1.1115021705627441,1.2862656116485596,0.8172650337219238,0.7925941944122314,,,,,,,,,,,,,,,,,,,,,,,,,,,,,,
7,1.9311387538909912,2.0632386207580566,1.982996940612793,2.556663751602173,1.7863318920135498,1.6034746170043945,1.693458080291748,1.7636137008666992,1.912623643875122,1.8676378726959229,1.6639389991760254,1.5805130004882812,1.7135627269744873,1.7503633499145508,1.7255957126617432,1.6042323112487793,,,,,,,,,,,,,,,,,,,,,,,,,,,,,,,,,,
8,2.238603353500366,1.9143946170806885,1.8882782459259033,1.0492312908172607,,,,,,,,,,,,,,,,,,,,,,,,,,,,,,,,,,,,,,,,,,,,,,
9,1.8382248878479004,2.271850824356079,2.0486702919006348,1.9913947582244873,1.698455572128296,1.9823215007781982,2.008901596069336,2.1392366886138916,1.7249815464019775,1.666616439819336,1.618894338607788,1.4496304988861084,1.5925941467285156,0.9375109672546387,,,,,,,,,,,,,,,,,,,,,,,,,,,,,,,,,,,,
10,2.096775770187378,2.169589042663574,2.3504855632781982,2.3360822200775146,1.9044864177703857,0.9515917301177979,1.564267635345459,,,,,,,,,,,,,,,,,,,,,,,,,,,,,,,,,,,,,,,,,,,
11,1.857039451599121,2.0027127265930176,2.018911838531494,1.327162265777588,,,,,,,,,,,,,,,,,,,,,,,,,,,,,,,,,,,,,,,,,,,,,,
12,2.189659833908081,1.990058183670044,2.0423996448516846,2.3186376094818115,1.9619648456573486,1.9782631397247314,2.0222079753875732,1.6871004104614258,1.9650797843933105,2.135423421859741,1.5069708824157715,1.627971887588501,1.0458157062530518,,,,,,,,,,,,,,,,,,,,,,,,,,,,,,,,,,,,,
13,2.0621979236602783,2.113746166229248,2.094390630722046,2.18476939201355,2.2644202709198,2.053285598754883,2.039593458175659,1.7057113647460938,1.6707043647766113,1.8151576519012451,1.7010478973388672,1.7885949611663818,1.7056636810302734,1.23225998878479,1.6300573348999023,1.5209190845489502,1.331183671951294,1.439507246017456,1.3742091655731201,1.4071333408355713,1.345870018005371,1.4200224876403809,1.3634576797485352,1.290710687637329,1.3330316543579102,1.3681674003601074,0.6749694347381592,,,,,,,,,,,,,,,,,,,,,,,
14,1.9521305561065674,1.9486839771270752,1.9253525733947754,1.0728685855865479,,,,,,,,,,,,,,,,,,,,,,,,,,,,,,,,,,,,,,,,,,,,,,
15,1.9302852153778076,1.953449010848999,1.9042527675628662,2.1128032207489014,2.3323137760162354,2.2756361961364746,1.844423770904541,2.3599727153778076,1.741983413696289,2.2868518829345703,1.646097183227539,1.5741143226623535,1.453315019607544,1.5775394439697266,1.4253253936767578,1.4437553882598877,1.385716199874878,0.9479734897613525,,,,,,,,,,,,,,,,,,,,,,,,,,,,,,,,
16,1.647554636001587,1.991070032119751,2.196437120437622,1.5181221961975098,1.7658817768096924,1.4960339069366455,1.633211612701416,1.295616626739502,1.639352560043335,1.5453577041625977,1.47507905960083,,,,,,,,,,,,,,,,,,,,,,,,,,,,,,,,,,,,,,,
17,1.9670393466949463,1.9598100185394287,2.248915195465088,1.7461540699005127,1.579503059387207,0.868462085723877,,,,,,,,,,,,,,,,,,,,,,,,,,,,,,,,,,,,,,,,,,,,
18,1.8040521144866943,2.343773603439331,1.7237200736999512,2.0341222286224365,1.8138906955718994,1.6668384075164795,1.682405710220337,1.6614396572113037,1.6936533451080322,2.1728756427764893,1.6753628253936768,1.594602346420288,1.4674770832061768,1.2164316177368164,0.8131632804870605,,,,,,,,,,,,,,,,,,,,,,,,,,,,,,,,,,,
19,2.2271153926849365,2.0400257110595703,2.090001106262207,1.8595781326293945,1.6464755535125732,1.6142635345458984,1.7335352897644043,1.790942668914795,1.5185120105743408,1.3925821781158447,1.629244327545166,2.042717695236206,1.4414315223693848,1.316399097442627,1.3125636577606201,1.6661224365234375,0.4428291320800781,,,,,,,,,,,,,,,,,,,,,,,,,,,,,,,,,
20,2.099290132522583,2.183732032775879,2.122889518737793,2.2568202018737793,1.6983096599578857,2.160085439682007,1.7154724597930908,1.545640230178833,0.8412377834320068,,,,,,,,,,,,,,,,,,,,,,,,,,,,,,,,,,,,,,,,,
21,1.6884055137634277,2.2228057384490967,2.4142820835113525,1.656121015548706,2.0630452632904053,1.574655532836914,1.6704740524291992,1.6491963863372803,0.9489459991455078,,,,,,,,,,,,,,,,,,,,,,,,,,,,,,,,,,,,,,,,,
22,2.0340371131896973,2.367802381515503,1.9806408882141113,2.088573694229126,1.803950548171997,1.1990458965301514,,,,,,,,,,,,,,,,,,,,,,,,,,,,,,,,,,,,,,,,,,,,
23,2.0914604663848877,2.0516369342803955,1.8993439674377441,1.5820801258087158,,,,,,,,,,,,,,,,,,,,,,,,,,,,,,,,,,,,,,,,,,,,,,
24,1.9777438640594482,2.102222442626953,2.0213730335235596,1.6682038307189941,1.9389054775238037,1.8858745098114014,1.1122322082519531,,,,,,,,,,,,,,,,,,,,,,,,,,,,,,,,,,,,,,,,,,,
25,1.7039015293121338,2.4054434299468994,2.509182929992676,1.7439391613006592,2.0162692070007324,1.8522400856018066,1.6999013423919678,1.576158046722412,1.5584251880645752,0.5476410388946533,,,,,,,,,,,,,,,,,,,,,,,,,,,,,,,,,,,,,,,,
26,1.729625940322876,2.2000463008880615,2.2427256107330322,1.9552106857299805,1.6640169620513916,1.7661151885986328,1.5286028385162354,1.1175439357757568,,,,,,,,,,,,,,,,,,,,,,,,,,,,,,,,,,,,,,,,,,
27,1.796034336090088,2.242213487625122,2.2207164764404297,2.1748135089874268,2.416410446166992,2.1237034797668457,1.832038402557373,1.8851289749145508,1.4784455299377441,1.4735867977142334,1.4383211135864258,0.3480253219604492,,,,,,,,,,,,,,,,,,,,,,,,,,,,,,,,,,,,,,
28,1.7212834358215332,1.9800646305084229,1.9425880908966064,1.9885921478271484,1.7928154468536377,1.8248529434204102,1.810401439666748,1.7027089595794678,0.4644029140472412,,,,,,,,,,,,,,,,,,,,,,,,,,,,,,,,,,,,,,,,,
29,1.8802556991577148,1.737044095993042,1.4447898864746094,,,,,,,,,,,,,,,,,,,,,,,,,,,,,,,,,,,,,,,,,,,,,,,
30,1.7526085376739502,2.34519100189209,2.464877128601074,1.7597301006317139,1.9404354095458984,1.7467639446258545,1.6795470714569092,1.697967767715454,1.664764165878296,1.6949012279510498,1.5657069683074951,1.5347800254821777,1.129647970199585,,,,,,,,,,,,,,,,,,,,,,,,,,,,,,,,,,,,,
31,2.011430263519287,2.324295997619629,1.878223180770874,1.9246842861175537,1.706902027130127,1.8124775886535645,1.6001849174499512,1.8446238040924072,1.8315985202789307,0.9874677658081055,0.9138202667236328,0.8533158302307129,0.9730911254882812,1.5065414905548096,1.4386241436004639,,,,,,,,,,,,,,,,,,,,,,,,,,,,,,,,,,,
32,1.9070305824279785,1.9331448078155518,1.9027400016784668,1.2460639476776123,,,,,,,,,,,,,,,,,,,,,,,,,,,,,,,,,,,,,,,,,,,,,,
33,1.9455454349517822,2.3793959617614746,1.8011493682861328,2.0800158977508545,2.310185670852661,1.7615742683410645,1.7971038818359375,2.209941864013672,1.7082691192626953,1.967240333557129,1.519242525100708,1.4233248233795166,1.0107829570770264,1.0437700748443604,,,,,,,,,,,,,,,,,,,,,,,,,,,,,,,,,,,,
34,1.9172885417938232,2.138181686401367,2.2947866916656494,2.1232292652130127,1.8315393924713135,1.723310947418213,1.438643455505371,1.8115551471710205,1.7190933227539062,1.9071941375732422,1.5954110622406006,1.6414079666137695,1.7154574394226074,1.6255805492401123,1.8906238079071045,1.5845880508422852,1.6514320373535156,1.428626537322998,1.3462693691253662,1.3267929553985596,1.3631887435913086,1.4576985836029053,1.369516134262085,1.1188924312591553,1.2727673053741455,1.2551238536834717,1.220381498336792,0.4758903980255127,,,,,,,,,,,,,,,,,,,,,,
35,2.042426586151123,1.9922072887420654,2.151639461517334,2.3491263389587402,2.3586533069610596,1.9619228839874268,2.088050603866577,2.4899163246154785,2.2871382236480713,2.3707823753356934,1.9808917045593262,0.7715768814086914,,,,,,,,,,,,,,,,,,,,,,,,,,,,,,,,,,,,,,
36,1.7033400535583496,2.255922555923462,2.185929775238037,2.193784713745117,1.6935391426086426,1.6421167850494385,1.0984878540039062,,,,,,,,,,,,,,,,,,,,,,,,,,,,,,,,,,,,,,,,,,,
37,1.643148422241211,1.8690199851989746,2.308443784713745,1.8584144115447998,1.6191327571868896,2.06235671043396,1.231201410293579,2.069549322128296,1.617136001586914,1.5334644317626953,1.4837594032287598,1.5059025287628174,1.9008400440216064,1.4657487869262695,1.2860684394836426,0.8595669269561768,0.8009498119354248,0.6568508148193359,,,,,,,,,,,,,,,,,,,,,,,,,,,,,,,,
38,1.854250192642212,2.133181095123291,2.023587465286255,1.7447326183319092,1.7424159049987793,1.897930383682251,1.841820478439331,1.5226664543151855,2.1612026691436768,1.6857397556304932,1.5105271339416504,1.36118745803833,1.5473453998565674,1.8387534618377686,1.3309228420257568,,,,,,,,,,,,,,,,,,,,,,,,,,,,,,,,,,,
39,2.036349058151245,1.8749909400939941,1.9662938117980957,1.881300926208496,,,,,,,,,,,,,,,,,,,,,,,,,,,,,,,,,,,,,,,,,,,,,,
40,1.7044689655303955,2.1761109828948975,1.9367494583129883,1.6545202732086182,1.9845356941223145,1.7467777729034424,1.4697837829589844,1.6215567588806152,1.4832582473754883,,,,,,,,,,,,,,,,,,,,,,,,,,,,,,,,,,,,,,,,,
41,2.122205972671509,2.1995770931243896,1.9161067008972168,2.0118496417999268,2.2473862171173096,1.8668735027313232,2.397433280944824,1.7585549354553223,2.097522735595703,1.703782320022583,0.9329288005828857,1.4893724918365479,1.6012907028198242,1.48295259475708,1.7245631217956543,1.3876092433929443,1.5803468227386475,1.1742305755615234,,,,,,,,,,,,,,,,,,,,,,,,,,,,,,,,
42,1.9863228797912598,1.8615760803222656,1.9004406929016113,1.773280143737793,1.3455924987792969,,,,,,,,,,,,,,,,,,,,,,,,,,,,,,,,,,,,,,,,,,,,,
43,1.695291519165039,1.8831994533538818,1.9400839805603027,1.821176528930664,1.620359182357788,2.013512134552002,1.8437979221343994,2.0543153285980225,1.7016263008117676,1.767665147781372,0.41466665267944336,,,,,,,,,,,,,,,,,,,,,,,,,,,,,,,,,,,,,,,
44,1.9768638610839844,2.3278274536132812,2.306823253631592,2.0217297077178955,1.9372057914733887,1.9277312755584717,1.4139602184295654,,,,,,,,,,,,,,,,,,,,,,,,,,,,,,,,,,,,,,,,,,,
45,1.5836515426635742,2.220184564590454,2.1937808990478516,1.5369765758514404,1.9313876628875732,1.7022709846496582,1.7576112747192383,1.644078254699707,1.483020544052124,0.4245946407318115,,,,,,,,,,,,,,,,,,,,,,,,,,,,,,,,,,,,,,,,
46,2.0051076412200928,1.977888584136963,2.0142874717712402,1.9496784210205078,1.6856269836425781,1.6050317287445068,1.5556330680847168,1.9407474994659424,1.521876573562622,2.183506965637207,1.6307470798492432,2.1160976886749268,1.9377095699310303,2.166447877883911,1.6826789379119873,1.1938540935516357,0.7223184108734131,,,,,,,,,,,,,,,,,,,,,,,,,,,,,,,,,
47,1.954721212387085,1.974675178527832,1.2083344459533691,,,,,,,,,,,,,,,,,,,,,,,,,,,,,,,,,,,,,,,,,,,,,,,
48,2.0385918617248535,1.6746799945831299,1.5421733856201172,1.916158676147461,2.402604579925537,2.1248927116394043,1.5992164611816406,1.5793137550354004,0.9443361759185791,,,,,,,,,,,,,,,,,,,,,,,,,,,,,,,,,,,,,,,,,
49,1.8177685737609863,1.9525783061981201,1.7067506313323975,1.9957098960876465,1.916370153427124,2.329070568084717,1.7921500205993652,1.5589845180511475,1.5204086303710938,1.766268253326416,1.4937610626220703,1.4321982860565186,1.4104654788970947,1.0330591201782227,,,,,,,,,,,,,,,,,,,,,,,,,,,,,,,,,,,,
0,2.245077610015869,1.7633118629455566,1.9064750671386719,2.0077245235443115,1.8089203834533691,1.1470284461975098,,,,,,,,,,,,,,,,,,,,,,,,,,,,,,,,,,,,,,,,,,,,
1,2.0626771450042725,2.1028494834899902,1.8850631713867188,2.3142457008361816,1.7183213233947754,0.43080997467041016,,,,,,,,,,,,,,,,,,,,,,,,,,,,,,,,,,,,,,,,,,,,
2,2.024414539337158,2.2965829372406006,2.0092849731445312,2.3083744049072266,2.25565242767334,1.9662744998931885,1.751032829284668,1.7433314323425293,1.7548632621765137,1.7190685272216797,1.0982165336608887,,,,,,,,,,,,,,,,,,,,,,,,,,,,,,,,,,,,,,,
3,1.8540844917297363,2.312690496444702,1.7095425128936768,1.8733468055725098,1.3618078231811523,,,,,,,,,,,,,,,,,,,,,,,,,,,,,,,,,,,,,,,,,,,,,
4,1.6961653232574463,2.0893754959106445,2.479823350906372,1.606443166732788,0.3141615390777588,,,,,,,,,,,,,,,,,,,,,,,,,,,,,,,,,,,,,,,,,,,,,
5,1.763993740081787,2.075800895690918,2.4104959964752197,1.9756438732147217,0.45766496658325195,,,,,,,,,,,,,,,,,,,,,,,,,,,,,,,,,,,,,,,,,,,,,
6,1.911698341369629,1.9283647537231445,2.0252556800842285,1.0983858108520508,,,,,,,,,,,,,,,,,,,,,,,,,,,,,,,,,,,,,,,,,,,,,,
7,1.6909468173980713,1.7451732158660889,1.9207117557525635,2.243804931640625,2.3105053901672363,1.727665901184082,1.6220762729644775,2.05867862701416,1.5268571376800537,1.4277684688568115,,,,,,,,,,,,,,,,,,,,,,,,,,,,,,,,,,,,,,,,
8,1.9917898178100586,1.8477535247802734,1.9799830913543701,2.1891250610351562,1.8148906230926514,1.5491905212402344,,,,,,,,,,,,,,,,,,,,,,,,,,,,,,,,,,,,,,,,,,,,
9,1.8085858821868896,1.9065632820129395,2.0514135360717773,2.216355323791504,1.5817086696624756,,,,,,,,,,,,,,,,,,,,,,,,,,,,,,,,,,,,,,,,,,,,,
10,2.0851850509643555,1.927299976348877,2.0707144737243652,1.5972824096679688,,,,,,,,,,,,,,,,,,,,,,,,,,,,,,,,,,,,,,,,,,,,,,
11,1.6078157424926758,2.631509304046631,2.4142115116119385,1.7660486698150635,1.7150700092315674,1.5602197647094727,1.5691394805908203,0.9732167720794678,,,,,,,,,,,,,,,,,,,,,,,,,,,,,,,,,,,,,,,,,,
12,1.9119441509246826,1.761594295501709,2.1598124504089355,1.9950134754180908,0.3938450813293457,,,,,,,,,,,,,,,,,,,,,,,,,,,,,,,,,,,,,,,,,,,,,
13,1.6130657196044922,1.8343865871429443,2.4122796058654785,1.870516061782837,0.6441571712493896,,,,,,,,,,,,,,,,,,,,,,,,,,,,,,,,,,,,,,,,,,,,,
14,1.7804853916168213,2.177643299102783,2.316995859146118,1.6788077354431152,0.5557096004486084,,,,,,,,,,,,,,,,,,,,,,,,,,,,,,,,,,,,,,,,,,,,,
15,1.6152989864349365,2.3774571418762207,2.4098713397979736,1.7422657012939453,0.5702447891235352,,,,,,,,,,,,,,,,,,,,,,,,,,,,,,,,,,,,,,,,,,,,,
16,1.7383959293365479,2.0365755558013916,2.1223092079162598,1.7513718605041504,2.1001923084259033,1.117539644241333,,,,,,,,,,,,,,,,,,,,,,,,,,,,,,,,,,,,,,,,,,,,
17,1.898707389831543,1.9802913665771484,2.4567627906799316,1.5379998683929443,0.23839998245239258,,,,,,,,,,,,,,,,,,,,,,,,,,,,,,,,,,,,,,,,,,,,,
18,1.753690242767334,2.1961872577667236,2.2480437755584717,1.676037073135376,0.5841391086578369,,,,,,,,,,,,,,,,,,,,,,,,,,,,,,,,,,,,,,,,,,,,,
19,1.84867262840271,2.3197457790374756,1.970015287399292,1.4400031566619873,,,,,,,,,,,,,,,,,,,,,,,,,,,,,,,,,,,,,,,,,,,,,,
20,1.906757116317749,2.2232916355133057,2.6119604110717773,2.700911045074463,2.090625047683716,1.7259018421173096,,,,,,,,,,,,,,,,,,,,,,,,,,,,,,,,,,,,,,,,,,,,
21,1.6115329265594482,2.232717752456665,2.3708341121673584,1.743006944656372,1.6440536975860596,1.5606164932250977,2.0652241706848145,1.6900739669799805,0.8254737854003906,,,,,,,,,,,,,,,,,,,,,,,,,,,,,,,,,,,,,,,,,
22,1.7504973411560059,2.1200761795043945,2.131185293197632,1.8074212074279785,1.7593185901641846,1.784513235092163,1.237428903579712,,,,,,,,,,,,,,,,,,,,,,,,,,,,,,,,,,,,,,,,,,,
23,2.0111894607543945,1.959228277206421,2.0866498947143555,1.3563811779022217,,,,,,,,,,,,,,,,,,,,,,,,,,,,,,,,,,,,,,,,,,,,,,
24,1.916924238204956,2.2152254581451416,2.4666502475738525,2.141747236251831,1.5306177139282227,2.0718164443969727,2.0360782146453857,1.5620572566986084,0.5650544166564941,,,,,,,,,,,,,,,,,,,,,,,,,,,,,,,,,,,,,,,,,
25,1.906526803970337,2.4800474643707275,2.7296533584594727,1.4764530658721924,0.21152806282043457,,,,,,,,,,,,,,,,,,,,,,,,,,,,,,,,,,,,,,,,,,,,,
26,1.7402045726776123,2.349241018295288,2.573629856109619,1.7815837860107422,0.40953660011291504,,,,,,,,,,,,,,,,,,,,,,,,,,,,,,,,,,,,,,,,,,,,,
27,2.1510212421417236,1.8370764255523682,2.2986671924591064,1.5263075828552246,0.7213702201843262,,,,,,,,,,,,,,,,,,,,,,,,,,,,,,,,,,,,,,,,,,,,,
28,1.6065294742584229,2.239147424697876,2.4798741340637207,1.794039011001587,0.5272595882415771,,,,,,,,,,,,,,,,,,,,,,,,,,,,,,,,,,,,,,,,,,,,,
29,1.8696155548095703,1.7960922718048096,1.8902595043182373,2.4826481342315674,2.146188497543335,2.1362733840942383,1.9996325969696045,1.766115427017212,1.6963996887207031,1.6708872318267822,1.5321190357208252,0.9912562370300293,,,,,,,,,,,,,,,,,,,,,,,,,,,,,,,,,,,,,,
30,1.8568637371063232,2.2646138668060303,2.240105390548706,1.866008996963501,1.7396876811981201,1.8728697299957275,1.5134291648864746,0.8740975856781006,,,,,,,,,,,,,,,,,,,,,,,,,,,,,,,,,,,,,,,,,,
31,2.0019326210021973,1.771118402481079,1.950746774673462,2.3267574310302734,1.6584594249725342,,,,,,,,,,,,,,,,,,,,,,,,,,,,,,,,,,,,,,,,,,,,,
32,1.9587831497192383,1.9548239707946777,1.9469611644744873,2.245604991912842,,,,,,,,,,,,,,,,,,,,,,,,,,,,,,,,,,,,,,,,,,,,,,
33,1.9559659957885742,1.9877984523773193,1.8543782234191895,1.7063376903533936,,,,,,,,,,,,,,,,,,,,,,,,,,,,,,,,,,,,,,,,,,,,,,
34,1.9015979766845703,1.7196707725524902,1.9367244243621826,1.7694220542907715,,,,,,,,,,,,,,,,,,,,,,,,,,,,,,,,,,,,,,,,,,,,,,
35,1.553795576095581,2.305122137069702,2.150169610977173,1.708763599395752,1.604750156402588,1.6338777542114258,1.58847975730896,1.6154348850250244,1.093886137008667,,,,,,,,,,,,,,,,,,,,,,,,,,,,,,,,,,,,,,,,,
36,1.828282356262207,1.8054332733154297,2.0456438064575195,2.355076313018799,1.5934782028198242,1.8273084163665771,1.5317625999450684,,,,,,,,,,,,,,,,,,,,,,,,,,,,,,,,,,,,,,,,,,,
37,1.5625572204589844,2.255783796310425,2.1716761589050293,1.6815564632415771,1.6528596878051758,1.7240231037139893,1.759143590927124,1.2800259590148926,,,,,,,,,,,,,,,,,,,,,,,,,,,,,,,,,,,,,,,,,,
38,2.1359028816223145,1.8278264999389648,2.172255754470825,1.87935209274292,0.3280525207519531,,,,,,,,,,,,,,,,,,,,,,,,,,,,,,,,,,,,,,,,,,,,,
39,1.7472975254058838,2.007545232772827,1.6583154201507568,2.3082363605499268,1.991640329360962,1.6892368793487549,1.5497972965240479,1.378000020980835,,,,,,,,,,,,,,,,,,,,,,,,,,,,,,,,,,,,,,,,,,
40,1.9838449954986572,1.841123342514038,2.279412269592285,1.589961290359497,0.2793755531311035,,,,,,,,,,,,,,,,,,,,,,,,,,,,,,,,,,,,,,,,,,,,,
41,1.5604345798492432,2.132237672805786,2.177031993865967,1.6047463417053223,0.9129319190979004,,,,,,,,,,,,,,,,,,,,,,,,,,,,,,,,,,,,,,,,,,,,,
42,1.777514934539795,2.046227216720581,2.2422521114349365,2.078876256942749,1.6503326892852783,0.5520317554473877,,,,,,,,,,,,,,,,,,,,,,,,,,,,,,,,,,,,,,,,,,,,
43,1.7838318347930908,2.028485059738159,1.7675485610961914,2.7205474376678467,1.4987099170684814,0.26001572608947754,,,,,,,,,,,,,,,,,,,,,,,,,,,,,,,,,,,,,,,,,,,,
44,1.9034032821655273,1.7743558883666992,1.842613697052002,1.98046875,1.6255943775177002,1.5777523517608643,0.4091501235961914,,,,,,,,,,,,,,,,,,,,,,,,,,,,,,,,,,,,,,,,,,,
45,1.8138208389282227,1.8591499328613281,1.765639066696167,1.4365930557250977,,,,,,,,,,,,,,,,,,,,,,,,,,,,,,,,,,,,,,,,,,,,,,
46,1.7581675052642822,1.9430220127105713,1.78961181640625,1.5970439910888672,0.6259899139404297,,,,,,,,,,,,,,,,,,,,,,,,,,,,,,,,,,,,,,,,,,,,,
47,1.553267478942871,2.0613009929656982,2.3151659965515137,1.6667842864990234,1.6981830596923828,1.9425158500671387,1.5559513568878174,1.8626940250396729,1.567854881286621,1.6988470554351807,0.8497283458709717,,,,,,,,,,,,,,,,,,,,,,,,,,,,,,,,,,,,,,,
48,1.8376851081848145,1.9501476287841797,2.1705875396728516,1.6007189750671387,1.936556339263916,1.9381680488586426,1.7748420238494873,1.6990997791290283,1.5274395942687988,1.9219582080841064,0.9775028228759766,,,,,,,,,,,,,,,,,,,,,,,,,,,,,,,,,,,,,,,
49,1.6616430282592773,2.044997215270996,2.3300020694732666,1.9288055896759033,0.8174209594726562,,,,,,,,,,,,,,,,,,,,,,,,,,,,,,,,,,,,,,,,,,,,,
0,2.068492889404297,2.2587666511535645,1.653616189956665,1.7159240245819092,1.4763445854187012,1.4812736511230469,1.3580121994018555,0.8176295757293701,,,,,,,,,,,,,,,,,,,,,,,,,,,,,,,,,,,,,,,,,,
1,2.038898229598999,1.82401442527771,1.9050564765930176,2.1152238845825195,1.8026928901672363,2.0294268131256104,1.709083080291748,1.4984080791473389,1.4612407684326172,1.3016910552978516,1.3822009563446045,0.8822281360626221,,,,,,,,,,,,,,,,,,,,,,,,,,,,,,,,,,,,,,
2,2.0970911979675293,2.0324759483337402,2.0767996311187744,1.4937448501586914,0.6391880512237549,,,,,,,,,,,,,,,,,,,,,,,,,,,,,,,,,,,,,,,,,,,,,
3,1.8758456707000732,2.3471219539642334,1.6601202487945557,0.5601701736450195,,,,,,,,,,,,,,,,,,,,,,,,,,,,,,,,,,,,,,,,,,,,,,
4,1.7684211730957031,1.8907999992370605,1.876042127609253,1.9389190673828125,1.1600699424743652,1.452012300491333,1.5484023094177246,0.9664275646209717,1.4773516654968262,1.6333022117614746,1.2872183322906494,,,,,,,,,,,,,,,,,,,,,,,,,,,,,,,,,,,,,,,
5,1.6989376544952393,1.8264970779418945,1.793135643005371,1.8439397811889648,2.670663833618164,2.2296695709228516,1.546255111694336,1.56791090965271,2.116887092590332,1.4264631271362305,1.497896671295166,0.8216638565063477,1.3635203838348389,1.22947096824646,1.1621785163879395,1.1830036640167236,1.250227689743042,1.294562816619873,1.2260727882385254,1.0567514896392822,0.8717160224914551,,,,,,,,,,,,,,,,,,,,,,,,,,,,,
6,2.0218935012817383,2.0416371822357178,1.6386010646820068,1.7188830375671387,1.6483991146087646,1.769197702407837,2.0178511142730713,2.1255042552948,1.3997507095336914,1.4460489749908447,1.4457485675811768,1.3892734050750732,1.4069693088531494,1.3683056831359863,1.2504711151123047,0.46576380729675293,,,,,,,,,,,,,,,,,,,,,,,,,,,,,,,,,,
7,1.8000261783599854,1.8290586471557617,1.9459202289581299,2.0165176391601562,1.9587132930755615,1.5227534770965576,1.5401866436004639,1.589658260345459,1.8505616188049316,1.6289303302764893,1.6398892402648926,1.4389300346374512,1.382889986038208,1.3679282665252686,1.043287992477417,0.9749650955200195,1.1841051578521729,1.136526107788086,1.1628382205963135,1.2596447467803955,0.9551680088043213,,,,,,,,,,,,,,,,,,,,,,,,,,,,,
8,1.6506283283233643,1.9023668766021729,1.7268168926239014,1.7237603664398193,1.74666428565979,1.5709125995635986,1.6267600059509277,1.4205214977264404,1.53204345703125,1.7653515338897705,1.406346321105957,1.476806640625,1.5368008613586426,1.474186897277832,1.3436362743377686,1.214245080947876,1.2566311359405518,,,,,,,,,,,,,,,,,,,,,,,,,,,,,,,,,
9,1.9514715671539307,2.491349220275879,2.0625998973846436,2.2977538108825684,2.1495883464813232,1.684077262878418,1.5741817951202393,1.6821389198303223,1.723219871520996,1.6798312664031982,1.107797384262085,1.4848055839538574,1.372652530670166,1.2966938018798828,1.0989534854888916,0.99434494972229,1.1642353534698486,1.2236278057098389,0.8127038478851318,0.3321797847747803,,,,,,,,,,,,,,,,,,,,,,,,,,,,,,
10,1.6492128372192383,1.678938388824463,1.941040277481079,2.0474772453308105,1.7299740314483643,1.6843528747558594,1.851933479309082,1.751784086227417,1.7457661628723145,1.5944509506225586,1.518596887588501,1.5475819110870361,1.298424243927002,1.2853357791900635,1.1145713329315186,,,,,,,,,,,,,,,,,,,,,,,,,,,,,,,,,,,
11,2.02083158493042,1.8057887554168701,1.5894062519073486,1.3931965827941895,0.8003520965576172,,,,,,,,,,,,,,,,,,,,,,,,,,,,,,,,,,,,,,,,,,,,,
12,1.634284496307373,1.7835400104522705,1.8380086421966553,1.8228375911712646,2.178649663925171,1.6421151161193848,1.7054970264434814,1.5757968425750732,1.5192615985870361,1.3168997764587402,2.2479870319366455,1.9571306705474854,1.407104730606079,1.447455883026123,1.364764928817749,1.4438159465789795,1.2683045864105225,1.2470660209655762,1.3167815208435059,1.512991189956665,1.350196361541748,1.3314156532287598,1.3417658805847168,1.292229175567627,0.6226780414581299,,,,,,,,,,,,,,,,,,,,,,,,,
13,1.7082750797271729,1.8740181922912598,1.7470042705535889,1.9283010959625244,1.795147180557251,1.7025268077850342,1.9073386192321777,1.443542242050171,1.4215235710144043,0.8203468322753906,1.0289630889892578,1.5007402896881104,1.519216537475586,1.4773802757263184,1.3683996200561523,1.0192983150482178,0.9898388385772705,0.9724559783935547,0.9630939960479736,0.694277286529541,0.6456880569458008,,,,,,,,,,,,,,,,,,,,,,,,,,,,,
14,1.8885011672973633,1.9749407768249512,2.251488208770752,1.5611181259155273,1.1989526748657227,,,,,,,,,,,,,,,,,,,,,,,,,,,,,,,,,,,,,,,,,,,,,
15,1.7866036891937256,1.8395702838897705,1.6877281665802002,1.705186128616333,1.7022945880889893,1.651637077331543,1.8369901180267334,1.3982064723968506,1.5859630107879639,1.5953617095947266,1.6343984603881836,1.2260010242462158,1.4790682792663574,1.4731333255767822,1.5048890113830566,1.4712433815002441,1.4327433109283447,1.2642977237701416,0.3385472297668457,,,,,,,,,,,,,,,,,,,,,,,,,,,,,,,
16,1.7151763439178467,1.9595303535461426,1.7446255683898926,1.695802927017212,1.603907585144043,1.5235702991485596,0.8735675811767578,,,,,,,,,,,,,,,,,,,,,,,,,,,,,,,,,,,,,,,,,,,
17,1.9924147129058838,1.7575087547302246,1.718374490737915,1.78763747215271,1.507054090499878,1.8550667762756348,1.6424407958984375,1.4137206077575684,1.8857004642486572,1.7198503017425537,1.573028326034546,1.748185634613037,1.5682053565979004,1.5681962966918945,1.1819984912872314,1.1814532279968262,1.3991646766662598,1.4194531440734863,1.337559461593628,1.3865981101989746,1.2164595127105713,,,,,,,,,,,,,,,,,,,,,,,,,,,,,
18,1.9523088932037354,1.71644926071167,2.2132863998413086,1.8628654479980469,1.6783850193023682,1.6857068538665771,1.0678644180297852,1.0044491291046143,,,,,,,,,,,,,,,,,,,,,,,,,,,,,,,,,,,,,,,,,,
19,1.75526762008667,1.6122255325317383,1.808349609375,1.694702386856079,1.9138484001159668,1.6259980201721191,1.5101432800292969,1.8349802494049072,1.5707213878631592,1.41823410987854,0.8168160915374756,1.2515389919281006,1.2914457321166992,1.3562076091766357,1.1229619979858398,1.2195205688476562,1.2687959671020508,1.2346749305725098,1.1041853427886963,1.0416233539581299,0.8107531070709229,1.140587329864502,1.046072244644165,0.9792003631591797,,,,,,,,,,,,,,,,,,,,,,,,,,
20,1.7587220668792725,1.915365219116211,1.7751941680908203,1.6986992359161377,1.7279157638549805,1.997288465499878,1.85400390625,1.7995038032531738,1.6746537685394287,1.5015878677368164,1.4620885848999023,1.3951430320739746,1.5738065242767334,1.4766478538513184,1.5370092391967773,1.4034004211425781,1.396528959274292,1.341477394104004,1.240750789642334,1.2176706790924072,1.180466651916504,1.1425848007202148,1.118927240371704,1.0105528831481934,0.8444974422454834,,,,,,,,,,,,,,,,,,,,,,,,,
21,1.839491605758667,1.9497849941253662,1.6462807655334473,1.8837876319885254,1.7310349941253662,2.2842681407928467,1.9549541473388672,1.8117952346801758,1.6890676021575928,1.6664454936981201,1.5720546245574951,1.445077896118164,1.348440170288086,1.5361053943634033,0.8102524280548096,,,,,,,,,,,,,,,,,,,,,,,,,,,,,,,,,,,
22,1.8771655559539795,1.8699963092803955,1.9893364906311035,1.8571791648864746,2.3784940242767334,1.7529609203338623,1.4080986976623535,1.5618138313293457,1.688359260559082,1.8236758708953857,1.2608036994934082,1.5504543781280518,1.4647610187530518,1.1067609786987305,0.7894141674041748,,,,,,,,,,,,,,,,,,,,,,,,,,,,,,,,,,,
23,2.0524938106536865,1.9544892311096191,1.8482284545898438,1.8185653686523438,1.878882646560669,1.610048770904541,1.988234281539917,1.897428274154663,1.801668405532837,1.7749264240264893,1.4583103656768799,1.4228341579437256,1.3390297889709473,1.3479864597320557,1.356764316558838,1.2127947807312012,1.2030973434448242,0.9701886177062988,,,,,,,,,,,,,,,,,,,,,,,,,,,,,,,,
24,1.8372998237609863,2.132850408554077,1.9435632228851318,2.3597943782806396,1.8026471138000488,1.5480618476867676,0.7848854064941406,,,,,,,,,,,,,,,,,,,,,,,,,,,,,,,,,,,,,,,,,,,
25,1.7987170219421387,1.8020131587982178,2.0289194583892822,2.3945770263671875,1.9998013973236084,1.2887141704559326,1.1807730197906494,,,,,,,,,,,,,,,,,,,,,,,,,,,,,,,,,,,,,,,,,,,
26,1.77048921585083,1.7436797618865967,1.6621935367584229,1.7020010948181152,1.5157382488250732,1.39581298828125,1.4905734062194824,1.4412152767181396,1.3881583213806152,1.6071994304656982,0.9398667812347412,,,,,,,,,,,,,,,,,,,,,,,,,,,,,,,,,,,,,,,
27,2.103700876235962,2.207120895385742,1.8461549282073975,1.7780115604400635,2.0470924377441406,1.7489290237426758,2.008714199066162,1.7175726890563965,1.5215861797332764,1.470290184020996,1.5311839580535889,1.4293885231018066,1.619811773300171,1.5126850605010986,1.4022643566131592,1.2470715045928955,1.3538362979888916,1.3631463050842285,1.2781450748443604,1.4029998779296875,1.400568962097168,1.343848705291748,1.195585012435913,0.859295129776001,,,,,,,,,,,,,,,,,,,,,,,,,,
28,1.9567630290985107,1.9670507907867432,1.8123557567596436,1.795804738998413,1.8829145431518555,1.786768913269043,1.5931003093719482,1.4553112983703613,1.485595464706421,,,,,,,,,,,,,,,,,,,,,,,,,,,,,,,,,,,,,,,,,
29,1.8842885494232178,1.6328177452087402,2.05924654006958,1.9791953563690186,1.9741740226745605,1.8399462699890137,2.0142078399658203,1.5965180397033691,1.6827926635742188,0.5561316013336182,,,,,,,,,,,,,,,,,,,,,,,,,,,,,,,,,,,,,,,,
30,1.8476223945617676,1.9994761943817139,1.67006254196167,1.9422471523284912,1.5885555744171143,1.572782278060913,1.4716429710388184,0.8854548931121826,,,,,,,,,,,,,,,,,,,,,,,,,,,,,,,,,,,,,,,,,,
31,1.7693090438842773,1.7646760940551758,1.912109375,1.877638816833496,1.8442413806915283,1.4710640907287598,,,,,,,,,,,,,,,,,,,,,,,,,,,,,,,,,,,,,,,,,,,,
32,1.9194893836975098,1.9511075019836426,1.7079007625579834,2.216736078262329,2.2229831218719482,1.6814579963684082,1.474804401397705,1.4802587032318115,1.408618688583374,1.920957088470459,1.802903413772583,1.3667559623718262,1.349290370941162,1.0403647422790527,,,,,,,,,,,,,,,,,,,,,,,,,,,,,,,,,,,,
33,1.7712457180023193,2.0447943210601807,2.2490508556365967,2.3617892265319824,1.677999496459961,1.7384257316589355,1.2179291248321533,,,,,,,,,,,,,,,,,,,,,,,,,,,,,,,,,,,,,,,,,,,
34,1.8435184955596924,2.240548849105835,2.3952903747558594,1.6414949893951416,1.6366705894470215,1.4362647533416748,2.043429136276245,1.5529937744140625,1.4611589908599854,0.7981696128845215,,,,,,,,,,,,,,,,,,,,,,,,,,,,,,,,,,,,,,,,
35,1.5206263065338135,1.6257851123809814,1.7819435596466064,1.5361266136169434,1.747030258178711,1.479003667831421,1.875288486480713,1.613365888595581,1.6362152099609375,1.6863555908203125,1.5230929851531982,1.365401268005371,1.42232346534729,1.0382404327392578,0.9738407135009766,,,,,,,,,,,,,,,,,,,,,,,,,,,,,,,,,,,
36,1.5996932983398438,1.6962425708770752,1.8315379619598389,2.092618227005005,1.6630079746246338,1.472257137298584,1.6203129291534424,1.6021878719329834,1.6477704048156738,1.5523793697357178,1.6874232292175293,1.4212501049041748,1.5283434391021729,1.4006054401397705,1.3920412063598633,1.4506847858428955,1.455930471420288,1.3846516609191895,0.968259334564209,,,,,,,,,,,,,,,,,,,,,,,,,,,,,,,
37,1.8322739601135254,1.8596441745758057,2.216217041015625,1.9833815097808838,1.5810799598693848,1.6480236053466797,1.7043414115905762,1.3396663665771484,1.4905574321746826,1.5467991828918457,1.6714873313903809,1.4713168144226074,1.2890901565551758,1.3332738876342773,1.1968879699707031,,,,,,,,,,,,,,,,,,,,,,,,,,,,,,,,,,,
38,2.121661901473999,2.4464035034179688,1.6465694904327393,1.626725673675537,1.7945945262908936,1.437309980392456,1.4310460090637207,2.0426032543182373,1.4784505367279053,1.4404094219207764,1.4769835472106934,1.6203932762145996,1.6169452667236328,1.3651511669158936,1.4011316299438477,1.6731154918670654,1.1246767044067383,,,,,,,,,,,,,,,,,,,,,,,,,,,,,,,,,
39,1.8416645526885986,1.7510907649993896,1.6426219940185547,1.8032877445220947,2.3980939388275146,2.2973179817199707,1.8134434223175049,1.6899621486663818,1.499342918395996,1.4903888702392578,1.4576010704040527,1.7046918869018555,1.8064589500427246,1.500617265701294,1.4752871990203857,1.3724818229675293,1.2478885650634766,1.2502257823944092,1.211524486541748,0.6500563621520996,,,,,,,,,,,,,,,,,,,,,,,,,,,,,,
40,1.846160650253296,1.9486703872680664,2.1774470806121826,1.9258811473846436,2.0343072414398193,1.8093810081481934,1.7154638767242432,1.572948932647705,1.5886385440826416,1.4106578826904297,1.4589855670928955,1.3889977931976318,0.9928462505340576,1.4847967624664307,1.3789000511169434,1.434746503829956,,,,,,,,,,,,,,,,,,,,,,,,,,,,,,,,,,
41,1.9791216850280762,2.118025541305542,2.305601119995117,1.5750946998596191,1.6009275913238525,1.5853981971740723,1.6011826992034912,1.4852209091186523,1.693636417388916,1.521733283996582,1.6017770767211914,1.6809442043304443,1.601973533630371,1.4008197784423828,1.505082607269287,1.3730218410491943,1.3512563705444336,,,,,,,,,,,,,,,,,,,,,,,,,,,,,,,,,
42,1.940169095993042,1.967491626739502,1.6884303092956543,0.9179749488830566,1.502382516860962,,,,,,,,,,,,,,,,,,,,,,,,,,,,,,,,,,,,,,,,,,,,,
43,1.7475230693817139,1.7109484672546387,1.9486339092254639,2.2058095932006836,1.7227540016174316,1.5576868057250977,1.5973210334777832,1.3121213912963867,,,,,,,,,,,,,,,,,,,,,,,,,,,,,,,,,,,,,,,,,,
44,1.7923088073730469,1.9385037422180176,1.7332239151000977,1.8095667362213135,1.680769681930542,1.9914014339447021,1.8399384021759033,1.54365873336792,1.4089829921722412,1.666839599609375,1.1893246173858643,1.3901004791259766,1.2847683429718018,,,,,,,,,,,,,,,,,,,,,,,,,,,,,,,,,,,,,
45,1.7525427341461182,1.754633903503418,1.6612091064453125,1.7576446533203125,1.9474732875823975,2.4512507915496826,2.2896201610565186,1.7329905033111572,1.3959953784942627,1.3265602588653564,1.515864372253418,1.4192047119140625,1.4198615550994873,1.4183447360992432,1.6840953826904297,1.4663574695587158,1.2680416107177734,1.4597904682159424,1.3164341449737549,1.5320682525634766,0.8899803161621094,0.8562953472137451,,,,,,,,,,,,,,,,,,,,,,,,,,,,
46,1.8105723857879639,1.889662265777588,2.001603841781616,2.1979825496673584,1.1410448551177979,1.0233941078186035,,,,,,,,,,,,,,,,,,,,,,,,,,,,,,,,,,,,,,,,,,,,
47,1.6499860286712646,1.8043396472930908,1.7784075736999512,1.7494478225708008,2.115387201309204,1.735992431640625,1.577573299407959,1.4167296886444092,1.8533217906951904,1.6086444854736328,1.5679666996002197,1.4433472156524658,1.496016502380371,1.4516565799713135,1.3360440731048584,1.1126244068145752,0.8600277900695801,0.5133771896362305,,,,,,,,,,,,,,,,,,,,,,,,,,,,,,,,
48,1.887972354888916,2.2307326793670654,1.7474570274353027,0.40019941329956055,,,,,,,,,,,,,,,,,,,,,,,,,,,,,,,,,,,,,,,,,,,,,,
49,1.9282066822052002,1.6805009841918945,1.5970909595489502,1.519667387008667,0.7091445922851562,,,,,,,,,,,,,,,,,,,,,,,,,,,,,,,,,,,,,,,,,,,,,
0,2.312573194503784,2.282508373260498,2.361067295074463,1.641941785812378,0.7209146022796631,,,,,,,,,,,,,,,,,,,,,,,,,,,,,,,,,,,,,,,,,,,,,
1,1.9295165538787842,2.437934637069702,2.114121437072754,1.9102754592895508,2.5305492877960205,2.208178997039795,2.1485228538513184,1.443711519241333,,,,,,,,,,,,,,,,,,,,,,,,,,,,,,,,,,,,,,,,,,
2,1.8690776824951172,2.0105209350585938,2.1761860847473145,2.253025531768799,2.126694440841675,2.0002613067626953,1.6054060459136963,,,,,,,,,,,,,,,,,,,,,,,,,,,,,,,,,,,,,,,,,,,
3,1.9117724895477295,2.1573421955108643,2.4553589820861816,2.0423996448516846,1.380894660949707,,,,,,,,,,,,,,,,,,,,,,,,,,,,,,,,,,,,,,,,,,,,,
4,1.6974096298217773,2.2812979221343994,2.3187596797943115,1.5585739612579346,0.34075403213500977,,,,,,,,,,,,,,,,,,,,,,,,,,,,,,,,,,,,,,,,,,,,,
5,2.0725765228271484,2.5199010372161865,2.6780927181243896,2.2325544357299805,1.8943629264831543,1.6847851276397705,,,,,,,,,,,,,,,,,,,,,,,,,,,,,,,,,,,,,,,,,,,,
6,2.033881425857544,1.9952256679534912,1.9608471393585205,2.3290982246398926,2.28277325630188,1.612459659576416,0.6823503971099854,,,,,,,,,,,,,,,,,,,,,,,,,,,,,,,,,,,,,,,,,,,
7,1.787198543548584,2.131967782974243,2.5658938884735107,1.6110239028930664,0.44915151596069336,,,,,,,,,,,,,,,,,,,,,,,,,,,,,,,,,,,,,,,,,,,,,
8,1.8524019718170166,1.939152717590332,2.277221202850342,1.705636978149414,1.6947999000549316,1.9193212985992432,2.1778430938720703,1.5955312252044678,,,,,,,,,,,,,,,,,,,,,,,,,,,,,,,,,,,,,,,,,,
9,2.0428946018218994,1.8790137767791748,1.9538171291351318,1.806673288345337,,,,,,,,,,,,,,,,,,,,,,,,,,,,,,,,,,,,,,,,,,,,,,
10,1.6186120510101318,1.6565842628479004,2.3509457111358643,1.7905972003936768,1.8466367721557617,1.7317585945129395,1.4588217735290527,,,,,,,,,,,,,,,,,,,,,,,,,,,,,,,,,,,,,,,,,,,
11,1.8394346237182617,2.222956418991089,1.907583236694336,2.403062582015991,1.809478521347046,1.7341876029968262,1.8542695045471191,,,,,,,,,,,,,,,,,,,,,,,,,,,,,,,,,,,,,,,,,,,
12,1.6207659244537354,2.588557243347168,2.497880458831787,1.6744709014892578,0.3781461715698242,,,,,,,,,,,,,,,,,,,,,,,,,,,,,,,,,,,,,,,,,,,,,
13,1.5979106426239014,2.2039105892181396,2.350743055343628,1.7873950004577637,1.0628464221954346,,,,,,,,,,,,,,,,,,,,,,,,,,,,,,,,,,,,,,,,,,,,,
14,1.5983550548553467,2.215289354324341,2.4336025714874268,1.8904073238372803,0.629096269607544,,,,,,,,,,,,,,,,,,,,,,,,,,,,,,,,,,,,,,,,,,,,,
15,1.931584119796753,1.9816410541534424,1.8725409507751465,2.39009165763855,1.6959812641143799,1.8290083408355713,1.5420103073120117,,,,,,,,,,,,,,,,,,,,,,,,,,,,,,,,,,,,,,,,,,,
16,2.2239952087402344,2.0710883140563965,2.1519775390625,1.8154609203338623,2.154109239578247,1.5256876945495605,1.8419411182403564,1.6687262058258057,,,,,,,,,,,,,,,,,,,,,,,,,,,,,,,,,,,,,,,,,,
17,1.6116762161254883,2.1615583896636963,2.237967014312744,1.810004472732544,1.5282456874847412,1.6442103385925293,1.5673413276672363,2.074467897415161,1.9330251216888428,1.6195428371429443,1.4992787837982178,1.2802743911743164,,,,,,,,,,,,,,,,,,,,,,,,,,,,,,,,,,,,,,
18,1.7016515731811523,1.8308403491973877,2.052508592605591,1.9368836879730225,1.5837230682373047,1.6985328197479248,1.0761511325836182,,,,,,,,,,,,,,,,,,,,,,,,,,,,,,,,,,,,,,,,,,,
19,1.6051669120788574,2.4192333221435547,2.2815394401550293,1.580282211303711,0.27445197105407715,,,,,,,,,,,,,,,,,,,,,,,,,,,,,,,,,,,,,,,,,,,,,
20,1.9806573390960693,2.0632243156433105,2.0798492431640625,1.7718720436096191,1.8817768096923828,1.956512212753296,1.7265567779541016,0.8613009452819824,,,,,,,,,,,,,,,,,,,,,,,,,,,,,,,,,,,,,,,,,,
21,1.8876328468322754,2.203354597091675,2.292142629623413,1.7494010925292969,0.8077874183654785,,,,,,,,,,,,,,,,,,,,,,,,,,,,,,,,,,,,,,,,,,,,,
22,1.5784199237823486,2.1691718101501465,2.178788900375366,1.5331778526306152,0.6576495170593262,,,,,,,,,,,,,,,,,,,,,,,,,,,,,,,,,,,,,,,,,,,,,
23,1.740288257598877,1.8371984958648682,2.0224759578704834,1.9691603183746338,1.5947256088256836,2.0313193798065186,1.827075719833374,1.6499817371368408,1.933480978012085,0.8909187316894531,,,,,,,,,,,,,,,,,,,,,,,,,,,,,,,,,,,,,,,,
24,1.5686025619506836,1.8916430473327637,1.8829598426818848,1.6055777072906494,1.8041787147521973,2.0950350761413574,1.8350105285644531,1.8783891201019287,1.6013100147247314,1.6225078105926514,2.116788387298584,1.4864442348480225,1.3028111457824707,,,,,,,,,,,,,,,,,,,,,,,,,,,,,,,,,,,,,
25,1.5613698959350586,2.1220169067382812,2.111457347869873,1.7840428352355957,1.9140567779541016,1.7369930744171143,1.7286078929901123,1.0459890365600586,,,,,,,,,,,,,,,,,,,,,,,,,,,,,,,,,,,,,,,,,,
26,1.9349548816680908,1.7136049270629883,1.9329628944396973,1.7995755672454834,,,,,,,,,,,,,,,,,,,,,,,,,,,,,,,,,,,,,,,,,,,,,,
27,1.846688985824585,1.8050665855407715,1.8534419536590576,2.0158791542053223,,,,,,,,,,,,,,,,,,,,,,,,,,,,,,,,,,,,,,,,,,,,,,
28,1.561981439590454,1.9020626544952393,2.0365982055664062,1.6081616878509521,0.7727599143981934,,,,,,,,,,,,,,,,,,,,,,,,,,,,,,,,,,,,,,,,,,,,,
29,1.9332714080810547,1.9972429275512695,1.6943862438201904,1.7081677913665771,1.3828601837158203,1.72615647315979,2.0518252849578857,1.3795156478881836,,,,,,,,,,,,,,,,,,,,,,,,,,,,,,,,,,,,,,,,,,
30,1.6332454681396484,2.084563970565796,2.188943386077881,1.7632319927215576,1.8544013500213623,2.092522382736206,1.0061211585998535,,,,,,,,,,,,,,,,,,,,,,,,,,,,,,,,,,,,,,,,,,,
31,1.790813684463501,1.7962100505828857,2.321096897125244,2.1089510917663574,1.827829122543335,1.277604103088379,,,,,,,,,,,,,,,,,,,,,,,,,,,,,,,,,,,,,,,,,,,,
32,1.5465943813323975,2.134023904800415,2.1637532711029053,1.6971099376678467,1.4966516494750977,1.7945897579193115,1.6528675556182861,0.3942534923553467,,,,,,,,,,,,,,,,,,,,,,,,,,,,,,,,,,,,,,,,,,
33,2.0285439491271973,1.8972511291503906,1.7245981693267822,1.7528741359710693,,,,,,,,,,,,,,,,,,,,,,,,,,,,,,,,,,,,,,,,,,,,,,
34,1.5585761070251465,2.0116145610809326,2.327770471572876,1.7789733409881592,0.4471251964569092,,,,,,,,,,,,,,,,,,,,,,,,,,,,,,,,,,,,,,,,,,,,,
35,1.8456990718841553,1.8513755798339844,2.144230604171753,2.2898190021514893,2.214651346206665,1.516592025756836,,,,,,,,,,,,,,,,,,,,,,,,,,,,,,,,,,,,,,,,,,,,
36,1.648308515548706,1.6839160919189453,1.6458337306976318,2.028350353240967,1.693558931350708,1.0751793384552002,,,,,,,,,,,,,,,,,,,,,,,,,,,,,,,,,,,,,,,,,,,,
37,1.9081976413726807,1.9722120761871338,2.1289868354797363,1.9857213497161865,1.7525174617767334,,,,,,,,,,,,,,,,,,,,,,,,,,,,,,,,,,,,,,,,,,,,,
38,1.7562901973724365,1.9354448318481445,1.8157429695129395,2.2665295600891113,1.462177038192749,,,,,,,,,,,,,,,,,,,,,,,,,,,,,,,,,,,,,,,,,,,,,
39,1.7758240699768066,2.363499402999878,2.3670060634613037,2.0075302124023438,1.8707270622253418,1.4100637435913086,1.4814672470092773,1.857574462890625,0.8552820682525635,,,,,,,,,,,,,,,,,,,,,,,,,,,,,,,,,,,,,,,,,
40,1.854921579360962,2.332580804824829,2.579586982727051,1.7563917636871338,1.6382746696472168,1.5737032890319824,1.635815143585205,1.4074797630310059,1.800976276397705,2.144557476043701,1.5309205055236816,1.4055333137512207,1.3952796459197998,,,,,,,,,,,,,,,,,,,,,,,,,,,,,,,,,,,,,
41,1.553997278213501,2.267500400543213,2.1606171131134033,1.7331418991088867,0.7443177700042725,,,,,,,,,,,,,,,,,,,,,,,,,,,,,,,,,,,,,,,,,,,,,
42,1.8219096660614014,1.6826531887054443,1.7131319046020508,0.9905920028686523,,,,,,,,,,,,,,,,,,,,,,,,,,,,,,,,,,,,,,,,,,,,,,
43,1.5479891300201416,1.6750659942626953,1.706099271774292,1.8792564868927002,1.4683613777160645,1.7094449996948242,1.731536626815796,1.5468425750732422,,,,,,,,,,,,,,,,,,,,,,,,,,,,,,,,,,,,,,,,,,
44,1.902825117111206,1.7102007865905762,1.6690614223480225,1.7831082344055176,2.044970750808716,2.3952670097351074,2.32063627243042,1.8510186672210693,1.8210926055908203,1.6256976127624512,1.1786129474639893,,,,,,,,,,,,,,,,,,,,,,,,,,,,,,,,,,,,,,,
45,1.8575704097747803,2.2148876190185547,2.1862590312957764,1.72322416305542,1.689589500427246,1.6453492641448975,1.7164638042449951,1.762493371963501,1.5449321269989014,1.622812032699585,1.2896144390106201,2.03889799118042,1.3622684478759766,1.5380642414093018,1.4419405460357666,1.5011651515960693,1.3375487327575684,1.304124355316162,1.129178524017334,1.1947784423828125,1.037339448928833,0.9524846076965332,0.8538763523101807,0.8773319721221924,,,,,,,,,,,,,,,,,,,,,,,,,,
46,1.558166265487671,2.281233549118042,2.15012526512146,1.6016452312469482,0.546393632888794,,,,,,,,,,,,,,,,,,,,,,,,,,,,,,,,,,,,,,,,,,,,,
47,1.554119348526001,2.126676321029663,2.532649278640747,1.6104130744934082,1.5301926136016846,1.6893701553344727,1.464141607284546,0.9039392471313477,,,,,,,,,,,,,,,,,,,,,,,,,,,,,,,,,,,,,,,,,,
48,1.5436618328094482,1.9960260391235352,2.189882278442383,1.7282323837280273,0.5136704444885254,,,,,,,,,,,,,,,,,,,,,,,,,,,,,,,,,,,,,,,,,,,,,
49,2.0172152519226074,1.720336675643921,1.9913287162780762,2.253706932067871,2.1546132564544678,1.923755168914795,1.8823950290679932,0.90765380859375,,,,,,,,,,,,,,,,,,,,,,,,,,,,,,,,,,,,,,,,,,
