,0,1,2,3,4,5,6,7,8,9,10,11,12,13,14,15,16,17,18,19,20,21,22,23,24,25,26,27,28,29,30,31,32,33,34,35,36,37,38,39,40,41,42,43,44,45,46,47,48,49,50,51,52,53,54,55,56,57,58,59,60,61,62,63
0,0.0016968250274658203,0.0036878585815429688,0.004271745681762695,0.0039446353912353516,0.0031137466430664062,,,,,,,,,,,,,,,,,,,,,,,,,,,
1,0.0021514892578125,0.0021522045135498047,0.001982450485229492,0.001901388168334961,0.0013628005981445312,0.0013365745544433594,,,,,,,,,,,,,,,,,,,,,,,,,,
2,0.0013277530670166016,0.0013043880462646484,0.001348257064819336,0.0013628005981445312,,,,,,,,,,,,,,,,,,,,,,,,,,,,
3,0.0012776851654052734,0.0012960433959960938,0.0013079643249511719,0.00128936767578125,0.001298666000366211,,,,,,,,,,,,,,,,,,,,,,,,,,,
4,0.0013852119445800781,0.0012745857238769531,0.001287698745727539,0.0013129711151123047,0.0013153553009033203,0.0013189315795898438,,,,,,,,,,,,,,,,,,,,,,,,,,
5,0.0013477802276611328,0.0012888908386230469,0.0013091564178466797,0.001299142837524414,0.0013189315795898438,0.0013034343719482422,0.0013036727905273438,0.001295328140258789,0.0013310909271240234,0.0013146400451660156,0.0013320446014404297,0.0013196468353271484,,,,,,,,,,,,,,,,,,,,
6,0.0013263225555419922,0.0012962818145751953,0.001306772232055664,0.001318216323852539,0.0013539791107177734,,,,,,,,,,,,,,,,,,,,,,,,,,,
7,0.0013365745544433594,0.0013263225555419922,0.001355886459350586,0.0013484954833984375,0.0013585090637207031,0.0013549327850341797,0.0013687610626220703,0.0013556480407714844,0.0013687610626220703,0.00135040283203125,0.0013623237609863281,0.0013852119445800781,0.0014259815216064453,0.001420736312866211,,,,,,,,,,,,,,,,,,
8,0.0017514228820800781,0.0014955997467041016,0.0015001296997070312,0.0014498233795166016,,,,,,,,,,,,,,,,,,,,,,,,,,,,
9,0.001447439193725586,0.001386880874633789,0.0013403892517089844,0.0013484954833984375,,,,,,,,,,,,,,,,,,,,,,,,,,,,
10,0.0014078617095947266,0.001367807388305664,0.001375436782836914,0.0013604164123535156,0.0013821125030517578,0.001367330551147461,0.0013735294342041016,0.0013585090637207031,,,,,,,,,,,,,,,,,,,,,,,,
11,0.001322031021118164,0.0013437271118164062,0.0013554096221923828,0.0013957023620605469,0.0014045238494873047,0.0014083385467529297,0.0014071464538574219,0.0014224052429199219,0.0013992786407470703,0.0014204978942871094,,,,,,,,,,,,,,,,,,,,,,
12,0.0014145374298095703,0.0013859272003173828,0.0014004707336425781,0.001384735107421875,0.001413583755493164,,,,,,,,,,,,,,,,,,,,,,,,,,,
13,0.0013511180877685547,0.001322031021118164,0.001338958740234375,0.001329660415649414,0.0013823509216308594,,,,,,,,,,,,,,,,,,,,,,,,,,,
14,0.0013840198516845703,0.0013163089752197266,0.0013098716735839844,0.0013346672058105469,0.0013380050659179688,,,,,,,,,,,,,,,,,,,,,,,,,,,
15,0.001325845718383789,0.0013942718505859375,0.001352548599243164,0.0013675689697265625,0.0013568401336669922,0.001369476318359375,,,,,,,,,,,,,,,,,,,,,,,,,,
16,0.0013904571533203125,0.001341104507446289,0.0013821125030517578,0.0013785362243652344,0.0013897418975830078,0.001373291015625,0.001359701156616211,0.0013463497161865234,0.0013556480407714844,0.0013470649719238281,0.0013422966003417969,0.0013375282287597656,0.0013370513916015625,0.0013308525085449219,0.0013229846954345703,,,,,,,,,,,,,,,,,
17,0.0013477802276611328,0.0013499259948730469,0.0013575553894042969,0.0013391971588134766,0.0013377666473388672,0.0013375282287597656,0.0013577938079833984,0.0013446807861328125,0.0013592243194580078,0.001341104507446289,0.0013341903686523438,0.0013298988342285156,0.0013306140899658203,0.0013298988342285156,0.0013227462768554688,0.0013167858123779297,0.0013217926025390625,0.0013141632080078125,0.0013325214385986328,0.0013132095336914062,0.0013163089752197266,0.0013012886047363281,0.0012996196746826172,0.0012798309326171875,0.0012874603271484375,0.0012769699096679688,0.0012798309326171875,0.0012638568878173828,,,,
18,0.0013456344604492188,0.0012888908386230469,0.0013074874877929688,0.0012996196746826172,0.0012922286987304688,,,,,,,,,,,,,,,,,,,,,,,,,,,
19,0.0013225078582763672,0.0012772083282470703,0.001272439956665039,0.0012788772583007812,,,,,,,,,,,,,,,,,,,,,,,,,,,,
20,0.001260519027709961,0.0012934207916259766,0.001336812973022461,0.0013232231140136719,0.001373291015625,0.0013463497161865234,0.0013713836669921875,,,,,,,,,,,,,,,,,,,,,,,,,
21,0.0014019012451171875,0.0013151168823242188,0.0013206005096435547,0.0013267993927001953,0.0013403892517089844,0.0013332366943359375,0.0013310909271240234,0.001344919204711914,0.0013172626495361328,0.0013246536254882812,0.001325368881225586,0.001312255859375,0.0013496875762939453,0.0013010501861572266,,,,,,,,,,,,,,,,,,
22,0.001371145248413086,0.0013415813446044922,0.0013303756713867188,0.0013153553009033203,0.0013384819030761719,0.0013527870178222656,,,,,,,,,,,,,,,,,,,,,,,,,,
23,0.0013604164123535156,0.001352548599243164,0.001329660415649414,0.0013527870178222656,0.0013380050659179688,0.0013515949249267578,,,,,,,,,,,,,,,,,,,,,,,,,,
24,0.001302480697631836,0.0012624263763427734,0.0012862682342529297,0.0013117790222167969,0.0013370513916015625,0.0013244152069091797,,,,,,,,,,,,,,,,,,,,,,,,,,
25,0.0013172626495361328,0.0013356208801269531,0.0013470649719238281,0.0013337135314941406,0.001344919204711914,0.001332998275756836,,,,,,,,,,,,,,,,,,,,,,,,,,
26,0.0012748241424560547,0.0012729167938232422,0.001295328140258789,0.0013051033020019531,0.001308441162109375,0.0013074874877929688,0.001302957534790039,0.001312255859375,,,,,,,,,,,,,,,,,,,,,,,,
27,0.0013051033020019531,0.001348257064819336,0.0013532638549804688,0.0013663768768310547,,,,,,,,,,,,,,,,,,,,,,,,,,,,
28,0.0013663768768310547,0.0012810230255126953,0.0012812614440917969,0.0013053417205810547,,,,,,,,,,,,,,,,,,,,,,,,,,,,
29,0.0013706684112548828,0.0013320446014404297,0.001333475112915039,0.0013298988342285156,0.0013339519500732422,0.0013308525085449219,,,,,,,,,,,,,,,,,,,,,,,,,,
30,0.0013365745544433594,0.0013477802276611328,0.0013265609741210938,0.001354217529296875,0.0013415813446044922,,,,,,,,,,,,,,,,,,,,,,,,,,,
31,0.001260519027709961,0.0012900829315185547,0.001333475112915039,,,,,,,,,,,,,,,,,,,,,,,,,,,,,
32,0.0013153553009033203,0.0013422966003417969,0.0013511180877685547,0.001323699951171875,0.0013535022735595703,0.0013475418090820312,0.001363515853881836,,,,,,,,,,,,,,,,,,,,,,,,,
33,0.0012731552124023438,0.0012698173522949219,0.0012962818145751953,0.001302957534790039,0.0013234615325927734,,,,,,,,,,,,,,,,,,,,,,,,,,,
34,0.0013713836669921875,0.0012958049774169922,0.0012879371643066406,0.0013153553009033203,0.0013053417205810547,0.0013217926025390625,,,,,,,,,,,,,,,,,,,,,,,,,,
35,0.0013282299041748047,0.0013337135314941406,0.0013470649719238281,0.001329660415649414,0.0013363361358642578,0.001322031021118164,,,,,,,,,,,,,,,,,,,,,,,,,,
36,0.0013356208801269531,0.0012691020965576172,0.001300811767578125,0.0013065338134765625,0.0013120174407958984,0.0013060569763183594,0.0013167858123779297,0.0013132095336914062,0.001338958740234375,0.0013270378112792969,0.0013470649719238281,0.0013267993927001953,0.0013263225555419922,0.0013165473937988281,0.0013098716735839844,0.0013051033020019531,0.0012958049774169922,,,,,,,,,,,,,,,
37,0.0012843608856201172,0.0012912750244140625,0.0012891292572021484,0.0013208389282226562,,,,,,,,,,,,,,,,,,,,,,,,,,,,
38,0.001268148422241211,0.0012753009796142578,0.0013279914855957031,0.0013344287872314453,0.0013537406921386719,0.0013592243194580078,,,,,,,,,,,,,,,,,,,,,,,,,,
39,0.0012884140014648438,0.0012755393981933594,0.0013015270233154297,0.001306295394897461,0.0012784004211425781,0.0012836456298828125,0.0012845993041992188,,,,,,,,,,,,,,,,,,,,,,,,,
40,0.001312255859375,0.0013289451599121094,0.0013325214385986328,0.0013360977172851562,,,,,,,,,,,,,,,,,,,,,,,,,,,,
41,0.001371622085571289,0.0012996196746826172,0.0013074874877929688,0.001308441162109375,0.0013124942779541016,0.0013403892517089844,,,,,,,,,,,,,,,,,,,,,,,,,,
42,0.001283884048461914,0.0012776851654052734,0.0012831687927246094,0.0012884140014648438,0.0012896060943603516,0.0012912750244140625,0.0012786388397216797,0.00128936767578125,0.0012743473052978516,0.0012829303741455078,0.0012879371643066406,,,,,,,,,,,,,,,,,,,,,
43,0.001287221908569336,0.0013000965118408203,0.0013179779052734375,0.0013403892517089844,0.001354217529296875,,,,,,,,,,,,,,,,,,,,,,,,,,,
44,0.0013017654418945312,0.0012924671173095703,0.0013301372528076172,0.001337289810180664,,,,,,,,,,,,,,,,,,,,,,,,,,,,
45,0.0013914108276367188,0.0013203620910644531,0.00128936767578125,0.001306772232055664,0.0012960433959960938,0.0012984275817871094,0.0012857913970947266,0.0013022422790527344,0.001306295394897461,0.001310110092163086,,,,,,,,,,,,,,,,,,,,,,
46,0.0013251304626464844,0.0013000965118408203,0.0012824535369873047,0.0013012886047363281,0.0012807846069335938,0.001302480697631836,0.0013058185577392578,,,,,,,,,,,,,,,,,,,,,,,,,
47,0.0012776851654052734,0.0012993812561035156,0.0013358592987060547,,,,,,,,,,,,,,,,,,,,,,,,,,,,,
48,0.0013277530670166016,0.0012888908386230469,0.0013079643249511719,0.0013020038604736328,0.0013031959533691406,0.0013151168823242188,0.0013241767883300781,0.0013167858123779297,0.0013358592987060547,,,,,,,,,,,,,,,,,,,,,,,
49,0.0013275146484375,0.0012867450714111328,0.001287698745727539,0.0012967586517333984,0.001294851303100586,0.0013079643249511719,0.0013148784637451172,0.0013206005096435547,,,,,,,,,,,,,,,,,,,,,,,,
0,0.09677624702453613,0.0021660327911376953,0.004827260971069336,0.0033049583435058594,0.003262758255004883,0.002156972885131836,0.0021257400512695312,0.0021941661834716797,,,,,,,,,,,,,,,,,,,,,,,,
1,0.0014073848724365234,0.0014224052429199219,0.0014612674713134766,0.0014071464538574219,,,,,,,,,,,,,,,,,,,,,,,,,,,,
2,0.0013339519500732422,0.0013277530670166016,0.0013146400451660156,0.0013210773468017578,0.0013265609741210938,0.0013287067413330078,0.0013186931610107422,0.001323699951171875,0.001314401626586914,0.0013320446014404297,,,,,,,,,,,,,,,,,,,,,,
3,0.0013573169708251953,0.0013506412506103516,0.0013451576232910156,0.0013661384582519531,0.001373291015625,0.0013747215270996094,0.0013606548309326172,0.0013518333435058594,0.0013527870178222656,,,,,,,,,,,,,,,,,,,,,,,
4,0.0013473033905029297,0.0013377666473388672,0.0013318061828613281,0.0013437271118164062,0.0013747215270996094,,,,,,,,,,,,,,,,,,,,,,,,,,,
5,0.0013957023620605469,0.001420736312866211,0.001432657241821289,0.001470327377319336,0.0014960765838623047,0.0014834403991699219,0.0014946460723876953,0.0014853477478027344,0.0014941692352294922,,,,,,,,,,,,,,,,,,,,,,,
6,0.0014650821685791016,0.0015063285827636719,0.0014910697937011719,0.0015153884887695312,,,,,,,,,,,,,,,,,,,,,,,,,,,,
7,0.0015363693237304688,0.0014595985412597656,0.0014996528625488281,0.0014834403991699219,,,,,,,,,,,,,,,,,,,,,,,,,,,,
8,0.0015268325805664062,0.0014150142669677734,0.0014042854309082031,0.0013990402221679688,0.0013813972473144531,,,,,,,,,,,,,,,,,,,,,,,,,,,
9,0.0013358592987060547,0.0013499259948730469,0.0013561248779296875,0.0013577938079833984,0.001374959945678711,0.0013647079467773438,0.00136566162109375,0.0013477802276611328,,,,,,,,,,,,,,,,,,,,,,,,
10,0.0013184547424316406,0.001348733901977539,0.0013477802276611328,0.0013515949249267578,,,,,,,,,,,,,,,,,,,,,,,,,,,,
11,0.0013146400451660156,0.0013387203216552734,0.001329660415649414,0.0013566017150878906,0.0013484954833984375,0.0013606548309326172,0.0013391971588134766,0.0013384819030761719,0.0013322830200195312,,,,,,,,,,,,,,,,,,,,,,,
12,0.0013134479522705078,0.0013129711151123047,0.0013153553009033203,0.00135040283203125,0.0013344287872314453,0.00135040283203125,0.0013489723205566406,0.0013580322265625,,,,,,,,,,,,,,,,,,,,,,,,
13,0.0013020038604736328,0.0013349056243896484,0.0013356208801269531,0.001352071762084961,0.0013518333435058594,0.001356363296508789,0.0013477802276611328,0.001348733901977539,,,,,,,,,,,,,,,,,,,,,,,,
14,0.0013053417205810547,0.0013225078582763672,0.0013301372528076172,0.0013191699981689453,0.001316070556640625,0.001337289810180664,0.0013332366943359375,0.001332998275756836,0.0013415813446044922,0.0013475418090820312,0.001361846923828125,0.001363515853881836,0.0013396739959716797,0.0013568401336669922,0.0013408660888671875,,,,,,,,,,,,,,,,,
15,0.0013432502746582031,0.0013170242309570312,0.0013272762298583984,0.0013267993927001953,0.0013480186462402344,0.001346588134765625,0.0013496875762939453,0.001360177993774414,0.0013401508331298828,0.001348733901977539,0.001340627670288086,,,,,,,,,,,,,,,,,,,,,
16,0.0013442039489746094,0.0013039112091064453,0.0013227462768554688,0.0013108253479003906,0.0013172626495361328,0.0013229846954345703,0.0013089179992675781,0.0013124942779541016,0.0013165473937988281,0.0013093948364257812,0.0013053417205810547,0.0013167858123779297,,,,,,,,,,,,,,,,,,,,
17,0.0012881755828857422,0.0013306140899658203,0.0013370513916015625,0.0013620853424072266,0.001361846923828125,,,,,,,,,,,,,,,,,,,,,,,,,,,
18,0.0012829303741455078,0.0013020038604736328,0.0013301372528076172,0.0013697147369384766,,,,,,,,,,,,,,,,,,,,,,,,,,,,
19,0.0012969970703125,0.0013003349304199219,0.0013034343719482422,0.001317739486694336,0.0013155937194824219,0.0013163089752197266,0.0013129711151123047,0.0013103485107421875,0.0013031959533691406,0.0013017654418945312,0.0013074874877929688,0.0013151168823242188,0.0013170242309570312,0.0013031959533691406,0.0013091564178466797,0.0012938976287841797,,,,,,,,,,,,,,,,
20,0.0013804435729980469,0.0013041496276855469,0.0013060569763183594,0.0013151168823242188,0.0013186931610107422,,,,,,,,,,,,,,,,,,,,,,,,,,,
21,0.0013358592987060547,0.0013272762298583984,0.0013384819030761719,0.0013387203216552734,0.00135040283203125,0.0013451576232910156,0.0013492107391357422,0.00133514404296875,0.001348257064819336,0.0013322830200195312,,,,,,,,,,,,,,,,,,,,,,
22,0.0012998580932617188,0.0013549327850341797,0.0013568401336669922,0.0013730525970458984,,,,,,,,,,,,,,,,,,,,,,,,,,,,
23,0.0012488365173339844,0.0012903213500976562,0.0013265609741210938,0.001317739486694336,0.0013616085052490234,,,,,,,,,,,,,,,,,,,,,,,,,,,
24,0.0013458728790283203,0.0013427734375,0.0013589859008789062,0.0013649463653564453,0.0013797283172607422,0.0013623237609863281,0.0013756752014160156,,,,,,,,,,,,,,,,,,,,,,,,,
25,0.0012907981872558594,0.0013170242309570312,0.0013463497161865234,0.0013523101806640625,0.0013806819915771484,0.0013844966888427734,0.0014216899871826172,0.0013849735260009766,0.001399993896484375,0.0013883113861083984,0.0013821125030517578,0.0013768672943115234,0.0013728141784667969,0.0013649463653564453,0.0013566017150878906,0.0013811588287353516,0.0013654232025146484,0.0013628005981445312,,,,,,,,,,,,,,
26,0.0013659000396728516,0.0013282299041748047,0.0013606548309326172,0.0013930797576904297,,,,,,,,,,,,,,,,,,,,,,,,,,,,
27,0.0013451576232910156,0.0013611316680908203,0.0013668537139892578,0.0013895034790039062,0.0013952255249023438,0.00141143798828125,,,,,,,,,,,,,,,,,,,,,,,,,,
28,0.0013725757598876953,0.0013630390167236328,0.0014197826385498047,0.001432180404663086,0.001440286636352539,0.0014309883117675781,,,,,,,,,,,,,,,,,,,,,,,,,,
29,0.001424551010131836,0.0014061927795410156,0.0014238357543945312,0.0014035701751708984,0.0013813972473144531,0.0013849735260009766,0.001394510269165039,,,,,,,,,,,,,,,,,,,,,,,,,
30,0.0013115406036376953,0.001318216323852539,0.0013604164123535156,0.0013611316680908203,,,,,,,,,,,,,,,,,,,,,,,,,,,,
31,0.0013713836669921875,0.0013346672058105469,0.001341104507446289,0.0013186931610107422,0.0013396739959716797,0.0013217926025390625,0.0013267993927001953,,,,,,,,,,,,,,,,,,,,,,,,,
32,0.0013756752014160156,0.0012993812561035156,0.0013256072998046875,0.0013391971588134766,0.001363992691040039,0.001356363296508789,0.0013768672943115234,0.0013611316680908203,0.0013582706451416016,0.0013539791107177734,0.0013456344604492188,,,,,,,,,,,,,,,,,,,,,
33,0.0013146400451660156,0.0013070106506347656,0.001302957534790039,0.0013206005096435547,0.0013344287872314453,0.0013461112976074219,0.0013344287872314453,0.0013554096221923828,0.0013344287872314453,,,,,,,,,,,,,,,,,,,,,,,
34,0.0013568401336669922,0.0013210773468017578,0.0013222694396972656,0.0013132095336914062,0.0013339519500732422,0.0013225078582763672,,,,,,,,,,,,,,,,,,,,,,,,,,
35,0.0013484954833984375,0.0013248920440673828,0.0013308525085449219,0.0013608932495117188,0.001348257064819336,0.0013556480407714844,,,,,,,,,,,,,,,,,,,,,,,,,,
36,0.0012974739074707031,0.0013000965118408203,0.0013267993927001953,0.0013146400451660156,0.0013256072998046875,0.0013349056243896484,,,,,,,,,,,,,,,,,,,,,,,,,,
37,0.0013310909271240234,0.0012874603271484375,0.0012860298156738281,0.0012943744659423828,0.001287698745727539,0.0013082027435302734,0.0012955665588378906,0.0013141632080078125,0.0013041496276855469,0.001313924789428711,,,,,,,,,,,,,,,,,,,,,,
38,0.0012755393981933594,0.0012879371643066406,0.0013098716735839844,0.0013480186462402344,,,,,,,,,,,,,,,,,,,,,,,,,,,,
39,0.001310586929321289,0.0013110637664794922,0.0013577938079833984,0.00133514404296875,0.0013453960418701172,0.0013661384582519531,,,,,,,,,,,,,,,,,,,,,,,,,,
40,0.001417398452758789,0.0014002323150634766,0.0013661384582519531,0.0014014244079589844,0.0013723373413085938,0.001383066177368164,0.001394510269165039,0.00139617919921875,0.0013875961303710938,0.0013613700866699219,,,,,,,,,,,,,,,,,,,,,,
41,0.0012912750244140625,0.0013043880462646484,0.0013191699981689453,0.0013589859008789062,,,,,,,,,,,,,,,,,,,,,,,,,,,,
42,0.0012884140014648438,0.0013146400451660156,0.001312255859375,0.001325368881225586,0.0013561248779296875,0.0013649463653564453,0.0013668537139892578,0.00135040283203125,0.001360177993774414,,,,,,,,,,,,,,,,,,,,,,,
43,0.001291513442993164,0.0013065338134765625,0.001312255859375,0.0013282299041748047,0.0013341903686523438,,,,,,,,,,,,,,,,,,,,,,,,,,,
44,0.0012559890747070312,0.001285552978515625,0.0012955665588378906,0.0013518333435058594,,,,,,,,,,,,,,,,,,,,,,,,,,,,
45,0.0012955665588378906,0.0012934207916259766,0.0012819766998291016,0.001287698745727539,,,,,,,,,,,,,,,,,,,,,,,,,,,,
46,0.0013456344604492188,0.0013089179992675781,0.0013272762298583984,0.0013332366943359375,0.0013501644134521484,0.0013458728790283203,0.0013556480407714844,0.0013387203216552734,0.0013413429260253906,0.0013306140899658203,,,,,,,,,,,,,,,,,,,,,,
47,0.0012965202331542969,0.0013010501861572266,0.0013384819030761719,0.001348733901977539,0.0013582706451416016,0.001354217529296875,0.0013706684112548828,,,,,,,,,,,,,,,,,,,,,,,,,
48,0.0012311935424804688,0.0012731552124023438,0.001306295394897461,0.001338958740234375,,,,,,,,,,,,,,,,,,,,,,,,,,,,
49,0.001245737075805664,0.0012989044189453125,0.0013229846954345703,0.0013515949249267578,,,,,,,,,,,,,,,,,,,,,,,,,,,,
0,0.11228799819946289,0.004892110824584961,0.003242969512939453,0.0033202171325683594,0.0023000240325927734,0.0021538734436035156,,,,,,,,,,,,,,,,,,,,,,,,,,
1,0.001972675323486328,0.001413106918334961,0.0014281272888183594,,,,,,,,,,,,,,,,,,,,,,,,,,,,,
2,0.0013239383697509766,0.0013611316680908203,0.0012845993041992188,0.0012955665588378906,0.0013146400451660156,,,,,,,,,,,,,,,,,,,,,,,,,,,
3,0.0012505054473876953,0.0012946128845214844,0.001294851303100586,0.0013065338134765625,0.0013322830200195312,,,,,,,,,,,,,,,,,,,,,,,,,,,
4,0.0013811588287353516,0.0013155937194824219,0.0013127326965332031,0.0013241767883300781,0.0013194084167480469,0.0013124942779541016,,,,,,,,,,,,,,,,,,,,,,,,,,
5,0.0012667179107666016,0.0012814998626708984,0.0013222694396972656,,,,,,,,,,,,,,,,,,,,,,,,,,,,,
6,0.0013175010681152344,0.0013363361358642578,0.0013315677642822266,0.0013277530670166016,0.001348257064819336,,,,,,,,,,,,,,,,,,,,,,,,,,,
7,0.0013232231140136719,0.0012922286987304688,0.0012736320495605469,0.0013103485107421875,0.0013060569763183594,0.0013158321380615234,0.001325368881225586,0.0013217926025390625,0.0013153553009033203,,,,,,,,,,,,,,,,,,,,,,,
8,0.0012738704681396484,0.0012941360473632812,0.0013074874877929688,,,,,,,,,,,,,,,,,,,,,,,,,,,,,
9,0.0012819766998291016,0.001285552978515625,0.0013275146484375,,,,,,,,,,,,,,,,,,,,,,,,,,,,,
10,0.0012874603271484375,0.0013039112091064453,0.0013179779052734375,0.0013480186462402344,0.0013434886932373047,0.0013437271118164062,0.001352548599243164,,,,,,,,,,,,,,,,,,,,,,,,,
11,0.001293182373046875,0.0012881755828857422,0.0013227462768554688,0.0013287067413330078,0.0013513565063476562,,,,,,,,,,,,,,,,,,,,,,,,,,,
12,0.0012903213500976562,0.0013036727905273438,0.0013153553009033203,0.0013136863708496094,0.0013172626495361328,0.0013608932495117188,,,,,,,,,,,,,,,,,,,,,,,,,,
13,0.0012841224670410156,0.0012900829315185547,0.001318216323852539,,,,,,,,,,,,,,,,,,,,,,,,,,,,,
14,0.001317739486694336,0.0013263225555419922,0.001346588134765625,0.0013709068298339844,0.0013561248779296875,0.0013489723205566406,,,,,,,,,,,,,,,,,,,,,,,,,,
15,0.0012738704681396484,0.0012857913970947266,0.001325845718383789,0.001363515853881836,,,,,,,,,,,,,,,,,,,,,,,,,,,,
16,0.0012996196746826172,0.0012907981872558594,0.0013191699981689453,0.0013039112091064453,0.0013053417205810547,0.001312255859375,,,,,,,,,,,,,,,,,,,,,,,,,,
17,0.0013720989227294922,0.0012907981872558594,0.001302480697631836,0.001306772232055664,0.0013041496276855469,0.0013053417205810547,,,,,,,,,,,,,,,,,,,,,,,,,,
18,0.0012726783752441406,0.0012979507446289062,0.0012891292572021484,0.0013206005096435547,0.0013437271118164062,,,,,,,,,,,,,,,,,,,,,,,,,,,
19,0.0013213157653808594,0.0013179779052734375,0.0013318061828613281,0.00133514404296875,0.0013675689697265625,,,,,,,,,,,,,,,,,,,,,,,,,,,
20,0.0012841224670410156,0.0012602806091308594,0.0013189315795898438,0.001291513442993164,,,,,,,,,,,,,,,,,,,,,,,,,,,,
21,0.001291513442993164,0.0012848377227783203,0.00131988525390625,,,,,,,,,,,,,,,,,,,,,,,,,,,,,
22,0.0013246536254882812,0.0012960433959960938,0.001295328140258789,0.001306772232055664,0.0013141632080078125,,,,,,,,,,,,,,,,,,,,,,,,,,,
23,0.0012845993041992188,0.0013298988342285156,0.0013077259063720703,0.001306772232055664,0.0012862682342529297,,,,,,,,,,,,,,,,,,,,,,,,,,,
24,0.0012633800506591797,0.0013000965118408203,0.0012776851654052734,0.0013134479522705078,0.0013282299041748047,,,,,,,,,,,,,,,,,,,,,,,,,,,
25,0.001294851303100586,0.0013017654418945312,0.0013108253479003906,0.0013217926025390625,,,,,,,,,,,,,,,,,,,,,,,,,,,,
26,0.0012853145599365234,0.0013206005096435547,0.0013318061828613281,0.0013430118560791016,0.0013511180877685547,,,,,,,,,,,,,,,,,,,,,,,,,,,
27,0.0012896060943603516,0.0013265609741210938,0.0013384819030761719,0.0013508796691894531,0.0013356208801269531,0.0013544559478759766,,,,,,,,,,,,,,,,,,,,,,,,,,
28,0.001306295394897461,0.0013294219970703125,0.0013232231140136719,0.0013508796691894531,0.0013394355773925781,0.0013461112976074219,,,,,,,,,,,,,,,,,,,,,,,,,,
29,0.00124359130859375,0.0013017654418945312,0.0013039112091064453,0.0013194084167480469,0.0013141632080078125,0.001310586929321289,,,,,,,,,,,,,,,,,,,,,,,,,,
30,0.0013189315795898438,0.001314401626586914,0.0013103485107421875,0.0013096332550048828,0.0013175010681152344,,,,,,,,,,,,,,,,,,,,,,,,,,,
31,0.0013265609741210938,0.0012829303741455078,0.001298666000366211,0.0013082027435302734,0.0013034343719482422,0.0013041496276855469,,,,,,,,,,,,,,,,,,,,,,,,,,
32,0.0013284683227539062,0.0013318061828613281,0.0013430118560791016,0.0013496875762939453,0.0013713836669921875,,,,,,,,,,,,,,,,,,,,,,,,,,,
33,0.0013058185577392578,0.0013048648834228516,0.0013167858123779297,,,,,,,,,,,,,,,,,,,,,,,,,,,,,
34,0.0013396739959716797,0.0012984275817871094,0.0012958049774169922,0.0013010501861572266,,,,,,,,,,,,,,,,,,,,,,,,,,,,
35,0.0013189315795898438,0.0012967586517333984,0.0012881755828857422,0.0013108253479003906,0.0013077259063720703,0.0013201236724853516,,,,,,,,,,,,,,,,,,,,,,,,,,
36,0.001308441162109375,0.0012891292572021484,0.0012917518615722656,0.001302957534790039,0.0012950897216796875,0.001299142837524414,,,,,,,,,,,,,,,,,,,,,,,,,,
37,0.0013036727905273438,0.0013260841369628906,0.0013315677642822266,0.0013327598571777344,0.0013535022735595703,0.0013499259948730469,0.001352548599243164,0.001340627670288086,0.0013470649719238281,0.0013446807861328125,,,,,,,,,,,,,,,,,,,,,,
38,0.001318216323852539,0.0012831687927246094,0.0012950897216796875,0.0012922286987304688,0.0013136863708496094,0.001302957534790039,0.001299142837524414,,,,,,,,,,,,,,,,,,,,,,,,,
39,0.0013761520385742188,0.0012784004211425781,0.00128936767578125,0.001285552978515625,0.0012934207916259766,0.0012900829315185547,0.0013117790222167969,,,,,,,,,,,,,,,,,,,,,,,,,
40,0.0012843608856201172,0.0012941360473632812,0.0012969970703125,0.0013365745544433594,0.0013279914855957031,,,,,,,,,,,,,,,,,,,,,,,,,,,
41,0.001294851303100586,0.0012822151184082031,0.001293182373046875,0.0012946128845214844,0.0013124942779541016,,,,,,,,,,,,,,,,,,,,,,,,,,,
42,0.0013189315795898438,0.0013165473937988281,0.0013055801391601562,0.0013163089752197266,0.0013172626495361328,0.001332998275756836,,,,,,,,,,,,,,,,,,,,,,,,,,
43,0.001306295394897461,0.0012884140014648438,0.0013034343719482422,0.0013194084167480469,,,,,,,,,,,,,,,,,,,,,,,,,,,,
44,0.0013141632080078125,0.0012679100036621094,0.001268148422241211,0.0012712478637695312,,,,,,,,,,,,,,,,,,,,,,,,,,,,
45,0.0012962818145751953,0.0013003349304199219,0.0013053417205810547,0.001310110092163086,0.00131988525390625,0.0013074874877929688,,,,,,,,,,,,,,,,,,,,,,,,,,
46,0.0012874603271484375,0.0012712478637695312,0.0012969970703125,0.0013151168823242188,0.0013325214385986328,0.0013222694396972656,,,,,,,,,,,,,,,,,,,,,,,,,,
47,0.0012760162353515625,0.00128936767578125,0.001283884048461914,0.0012798309326171875,0.0012748241424560547,0.00128173828125,,,,,,,,,,,,,,,,,,,,,,,,,,
48,0.0013132095336914062,0.001287698745727539,0.0012803077697753906,0.0012860298156738281,0.0012826919555664062,,,,,,,,,,,,,,,,,,,,,,,,,,,
49,0.0013546943664550781,0.0012996196746826172,0.0013043880462646484,0.0012946128845214844,0.0013022422790527344,,,,,,,,,,,,,,,,,,,,,,,,,,,
0,0.0018463134765625,0.005202293395996094,0.00416874885559082,0.004389762878417969,,,,,,,,,,,,,,,,,,,,,,,,,,,,
1,0.0024831295013427734,0.0031075477600097656,0.0016591548919677734,0.001615285873413086,,,,,,,,,,,,,,,,,,,,,,,,,,,,
2,0.0015964508056640625,0.0015113353729248047,0.0014138221740722656,0.0013828277587890625,,,,,,,,,,,,,,,,,,,,,,,,,,,,
3,0.0014255046844482422,0.0014164447784423828,0.001416921615600586,0.0014464855194091797,0.0014760494232177734,0.0014526844024658203,,,,,,,,,,,,,,,,,,,,,,,,,,
4,0.0014030933380126953,0.0014386177062988281,0.0014376640319824219,0.001451253890991211,0.0014514923095703125,,,,,,,,,,,,,,,,,,,,,,,,,,,
5,0.0014712810516357422,0.0014386177062988281,0.0014393329620361328,0.001613616943359375,0.001451730728149414,0.0014088153839111328,,,,,,,,,,,,,,,,,,,,,,,,,,
6,0.0014328956604003906,0.0014178752899169922,0.0014405250549316406,0.0014209747314453125,0.0014424324035644531,0.001447916030883789,,,,,,,,,,,,,,,,,,,,,,,,,,
7,0.0014233589172363281,0.001392364501953125,0.0014071464538574219,0.0014269351959228516,0.0013952255249023438,,,,,,,,,,,,,,,,,,,,,,,,,,,
8,0.001405477523803711,0.0013928413391113281,0.0014138221740722656,0.0014452934265136719,0.0014197826385498047,0.0014412403106689453,,,,,,,,,,,,,,,,,,,,,,,,,,
9,0.0015363693237304688,0.0014503002166748047,0.0014448165893554688,0.001432180404663086,0.0014312267303466797,,,,,,,,,,,,,,,,,,,,,,,,,,,
10,0.0014901161193847656,0.0014522075653076172,0.001463174819946289,0.0014557838439941406,0.0014431476593017578,,,,,,,,,,,,,,,,,,,,,,,,,,,
11,0.001428842544555664,0.0014433860778808594,0.0014352798461914062,0.0014412403106689453,0.0014297962188720703,0.0014629364013671875,0.0014584064483642578,0.0014679431915283203,0.0014278888702392578,,,,,,,,,,,,,,,,,,,,,,,
12,0.0014209747314453125,0.001447439193725586,0.0014371871948242188,0.0014297962188720703,0.0014202594757080078,0.001416921615600586,,,,,,,,,,,,,,,,,,,,,,,,,,
13,0.0013685226440429688,0.0013949871063232422,0.0014562606811523438,0.0014829635620117188,,,,,,,,,,,,,,,,,,,,,,,,,,,,
14,0.001413583755493164,0.0014221668243408203,0.001468658447265625,,,,,,,,,,,,,,,,,,,,,,,,,,,,,
15,0.0014312267303466797,0.0014047622680664062,0.0014426708221435547,0.001466512680053711,0.0015332698822021484,0.0014526844024658203,0.0014739036560058594,0.0014607906341552734,,,,,,,,,,,,,,,,,,,,,,,,
16,0.0014462471008300781,0.0014629364013671875,0.0014541149139404297,0.0014920234680175781,0.0014352798461914062,0.001445770263671875,,,,,,,,,,,,,,,,,,,,,,,,,,
17,0.0014865398406982422,0.0014586448669433594,0.0014162063598632812,0.0014414787292480469,0.0014214515686035156,,,,,,,,,,,,,,,,,,,,,,,,,,,
18,0.001453399658203125,0.0014128684997558594,0.00139617919921875,0.0014235973358154297,0.0014050006866455078,0.0014350414276123047,0.0014140605926513672,0.0014657974243164062,,,,,,,,,,,,,,,,,,,,,,,,
19,0.001499176025390625,0.001425027847290039,0.0014414787292480469,0.001415252685546875,0.0014412403106689453,0.0013990402221679688,0.0014493465423583984,,,,,,,,,,,,,,,,,,,,,,,,,
20,0.001451730728149414,0.0013871192932128906,0.0013914108276367188,,,,,,,,,,,,,,,,,,,,,,,,,,,,,
21,0.0014014244079589844,0.0014216899871826172,0.0014696121215820312,0.0014483928680419922,0.0014595985412597656,,,,,,,,,,,,,,,,,,,,,,,,,,,
22,0.001451730728149414,0.0014300346374511719,0.00148773193359375,0.0014181137084960938,0.001435995101928711,,,,,,,,,,,,,,,,,,,,,,,,,,,
23,0.001413583755493164,0.0014636516571044922,0.0014340877532958984,0.0014376640319824219,0.0014693737030029297,,,,,,,,,,,,,,,,,,,,,,,,,,,
24,0.0014643669128417969,0.0014116764068603516,0.0014083385467529297,0.001436471939086914,0.0014407634735107422,0.0014581680297851562,,,,,,,,,,,,,,,,,,,,,,,,,,
25,0.0015146732330322266,0.0014908313751220703,0.0015172958374023438,0.0014832019805908203,,,,,,,,,,,,,,,,,,,,,,,,,,,,
26,0.0013689994812011719,0.0014386177062988281,0.0014252662658691406,0.0014216899871826172,,,,,,,,,,,,,,,,,,,,,,,,,,,,
27,0.0013647079467773438,0.0013885498046875,0.001443624496459961,0.0014417171478271484,0.0014448165893554688,0.0014300346374511719,,,,,,,,,,,,,,,,,,,,,,,,,,
28,0.001455545425415039,0.001445770263671875,0.0014290809631347656,0.0014598369598388672,0.0014519691467285156,0.001478433609008789,,,,,,,,,,,,,,,,,,,,,,,,,,
29,0.0014400482177734375,0.0014123916625976562,0.001438140869140625,0.0014462471008300781,0.0014696121215820312,,,,,,,,,,,,,,,,,,,,,,,,,,,
30,0.0014300346374511719,0.0014154911041259766,0.0014371871948242188,0.0013988018035888672,0.0014483928680419922,0.0014328956604003906,,,,,,,,,,,,,,,,,,,,,,,,,,
31,0.0014765262603759766,0.0014145374298095703,0.0014095306396484375,0.0014333724975585938,0.001413583755493164,0.0014638900756835938,,,,,,,,,,,,,,,,,,,,,,,,,,
32,0.0014300346374511719,0.0014383792877197266,0.0014319419860839844,0.001436471939086914,,,,,,,,,,,,,,,,,,,,,,,,,,,,
33,0.0014560222625732422,0.0014405250549316406,0.001409769058227539,0.001409292221069336,0.0014071464538574219,,,,,,,,,,,,,,,,,,,,,,,,,,,
34,0.001481771469116211,0.0014452934265136719,0.0014476776123046875,0.0014622211456298828,,,,,,,,,,,,,,,,,,,,,,,,,,,,
35,0.0014758110046386719,0.0014417171478271484,0.0014345645904541016,0.0014302730560302734,0.0014176368713378906,0.0014462471008300781,,,,,,,,,,,,,,,,,,,,,,,,,,
36,0.001428365707397461,0.0014624595642089844,0.0014772415161132812,0.001438140869140625,,,,,,,,,,,,,,,,,,,,,,,,,,,,
37,0.001405477523803711,0.0014014244079589844,0.0014178752899169922,0.001424551010131836,0.0014231204986572266,0.0014338493347167969,,,,,,,,,,,,,,,,,,,,,,,,,,
38,0.0014657974243164062,0.0014920234680175781,0.0014994144439697266,,,,,,,,,,,,,,,,,,,,,,,,,,,,,
39,0.0014460086822509766,0.0014469623565673828,0.0014743804931640625,,,,,,,,,,,,,,,,,,,,,,,,,,,,,
40,0.0014314651489257812,0.001405477523803711,0.0014493465423583984,0.001462697982788086,,,,,,,,,,,,,,,,,,,,,,,,,,,,
41,0.0013880729675292969,0.0013904571533203125,0.0014014244079589844,0.0014617443084716797,,,,,,,,,,,,,,,,,,,,,,,,,,,,
42,0.001383066177368164,0.0013782978057861328,0.0014255046844482422,0.001428365707397461,,,,,,,,,,,,,,,,,,,,,,,,,,,,
43,0.0019338130950927734,0.0014719963073730469,0.0014355182647705078,0.0014584064483642578,,,,,,,,,,,,,,,,,,,,,,,,,,,,
44,0.0014536380767822266,0.0014040470123291016,0.0014078617095947266,0.0014503002166748047,,,,,,,,,,,,,,,,,,,,,,,,,,,,
45,0.0014705657958984375,0.001444101333618164,0.0014600753784179688,0.0014793872833251953,0.00146484375,0.0014410018920898438,,,,,,,,,,,,,,,,,,,,,,,,,,
46,0.0014204978942871094,0.0014405250549316406,0.001428365707397461,0.0014653205871582031,,,,,,,,,,,,,,,,,,,,,,,,,,,,
47,0.0014445781707763672,0.0014095306396484375,0.0014083385467529297,0.0014162063598632812,0.001434326171875,0.0014235973358154297,0.0014269351959228516,,,,,,,,,,,,,,,,,,,,,,,,,
48,0.0014591217041015625,0.0014243125915527344,0.0014333724975585938,0.0014176368713378906,0.0014026165008544922,,,,,,,,,,,,,,,,,,,,,,,,,,,
49,0.00142669677734375,0.0014576911926269531,0.0014600753784179688,0.0014488697052001953,,,,,,,,,,,,,,,,,,,,,,,,,,,,
0,0.12898969650268555,0.0027549266815185547,0.004903078079223633,0.003152132034301758,0.0031366348266601562,0.0022618770599365234,,,,,,,,,,,,,,,,,,,,,,,,,,
1,0.0021479129791259766,0.0015101432800292969,0.0014913082122802734,0.001493215560913086,0.0014781951904296875,,,,,,,,,,,,,,,,,,,,,,,,,,,
2,0.0013928413391113281,0.0013604164123535156,0.0013403892517089844,0.0013582706451416016,0.0013766288757324219,,,,,,,,,,,,,,,,,,,,,,,,,,,
3,0.00142669677734375,0.0014238357543945312,0.001405477523803711,,,,,,,,,,,,,,,,,,,,,,,,,,,,,
4,0.0013930797576904297,0.00140380859375,0.001405954360961914,0.0014095306396484375,0.001390695571899414,0.0014252662658691406,,,,,,,,,,,,,,,,,,,,,,,,,,
5,0.001386404037475586,0.0013630390167236328,0.0013806819915771484,0.0013966560363769531,0.0013995170593261719,,,,,,,,,,,,,,,,,,,,,,,,,,,
6,0.001415252685546875,0.001352548599243164,0.0013530254364013672,0.0013852119445800781,,,,,,,,,,,,,,,,,,,,,,,,,,,,
7,0.0014147758483886719,0.0013704299926757812,0.0013806819915771484,0.001392364501953125,0.0014333724975585938,,,,,,,,,,,,,,,,,,,,,,,,,,,
8,0.0014007091522216797,0.0013606548309326172,0.0014061927795410156,0.0014111995697021484,0.001432180404663086,,,,,,,,,,,,,,,,,,,,,,,,,,,
9,0.001399993896484375,0.0014328956604003906,0.0014424324035644531,0.0014235973358154297,,,,,,,,,,,,,,,,,,,,,,,,,,,,
10,0.0014951229095458984,0.001430511474609375,0.0013806819915771484,0.0013761520385742188,0.00138092041015625,,,,,,,,,,,,,,,,,,,,,,,,,,,
11,0.0013523101806640625,0.00138092041015625,0.0013966560363769531,0.0013992786407470703,,,,,,,,,,,,,,,,,,,,,,,,,,,,
12,0.0013742446899414062,0.0013415813446044922,0.0013637542724609375,0.0013513565063476562,,,,,,,,,,,,,,,,,,,,,,,,,,,,
13,0.0013446807861328125,0.0013775825500488281,0.0014040470123291016,0.0014102458953857422,,,,,,,,,,,,,,,,,,,,,,,,,,,,
14,0.0014417171478271484,0.0014793872833251953,0.0014154911041259766,0.0014071464538574219,0.0014030933380126953,0.0014002323150634766,,,,,,,,,,,,,,,,,,,,,,,,,,
15,0.0013530254364013672,0.0013592243194580078,0.0013875961303710938,0.0014126300811767578,,,,,,,,,,,,,,,,,,,,,,,,,,,,
16,0.0013897418975830078,0.0013897418975830078,0.0013620853424072266,0.0013918876647949219,0.0014033317565917969,0.0014195442199707031,,,,,,,,,,,,,,,,,,,,,,,,,,
17,0.0014688968658447266,0.0013537406921386719,0.001367330551147461,0.0013294219970703125,,,,,,,,,,,,,,,,,,,,,,,,,,,,
18,0.001373291015625,0.0013973712921142578,0.0013751983642578125,0.0013866424560546875,0.0013575553894042969,0.001390218734741211,,,,,,,,,,,,,,,,,,,,,,,,,,
19,0.0015606880187988281,0.0014085769653320312,0.001398324966430664,0.0013506412506103516,,,,,,,,,,,,,,,,,,,,,,,,,,,,
20,0.0014832019805908203,0.001390218734741211,0.0013804435729980469,0.0013909339904785156,0.0013988018035888672,0.0014145374298095703,,,,,,,,,,,,,,,,,,,,,,,,,,
21,0.0014407634735107422,0.0013942718505859375,0.001386404037475586,0.0013933181762695312,,,,,,,,,,,,,,,,,,,,,,,,,,,,
22,0.0015003681182861328,0.0013637542724609375,0.0013852119445800781,0.0013780593872070312,0.0013964176177978516,,,,,,,,,,,,,,,,,,,,,,,,,,,
23,0.00139617919921875,0.0013668537139892578,0.0014202594757080078,0.0014035701751708984,0.0014157295227050781,,,,,,,,,,,,,,,,,,,,,,,,,,,
24,0.0013744831085205078,0.0013692378997802734,0.0013580322265625,0.001379251480102539,0.001399993896484375,,,,,,,,,,,,,,,,,,,,,,,,,,,
25,0.0013756752014160156,0.0013887882232666016,0.0014140605926513672,0.0014042854309082031,,,,,,,,,,,,,,,,,,,,,,,,,,,,
26,0.0014431476593017578,0.0013549327850341797,0.0013780593872070312,0.0013759136199951172,0.0013701915740966797,0.0013513565063476562,0.0013499259948730469,0.0013513565063476562,0.0013339519500732422,0.0013358592987060547,0.0013418197631835938,,,,,,,,,,,,,,,,,,,,,
27,0.0014595985412597656,0.0014393329620361328,0.0013995170593261719,0.0014190673828125,0.001392364501953125,,,,,,,,,,,,,,,,,,,,,,,,,,,
28,0.001390218734741211,0.0013620853424072266,0.001371145248413086,0.0013818740844726562,0.0013532638549804688,0.0013697147369384766,,,,,,,,,,,,,,,,,,,,,,,,,,
29,0.0013823509216308594,0.001369476318359375,0.0013833045959472656,0.0014090538024902344,,,,,,,,,,,,,,,,,,,,,,,,,,,,
30,0.00144195556640625,0.0013849735260009766,0.0013957023620605469,0.0013821125030517578,0.0014050006866455078,0.0013833045959472656,0.001398324966430664,0.0013554096221923828,0.0014069080352783203,0.0014011859893798828,0.0013875961303710938,0.0013699531555175781,0.001377105712890625,0.0013573169708251953,,,,,,,,,,,,,,,,,,
31,0.0013604164123535156,0.001369476318359375,0.0013773441314697266,0.0013835430145263672,0.0014162063598632812,0.0014023780822753906,0.0013992786407470703,,,,,,,,,,,,,,,,,,,,,,,,,
32,0.00141143798828125,0.0013692378997802734,0.0013489723205566406,0.00139617919921875,0.0013649463653564453,0.0013833045959472656,0.0013647079467773438,0.0013813972473144531,,,,,,,,,,,,,,,,,,,,,,,,
33,0.001399993896484375,0.0013463497161865234,0.0013799667358398438,0.0013842582702636719,0.001409769058227539,0.0013773441314697266,,,,,,,,,,,,,,,,,,,,,,,,,,
34,0.0013835430145263672,0.0014042854309082031,0.0013833045959472656,0.0014233589172363281,0.0013973712921142578,0.0014095306396484375,0.0014243125915527344,0.0014388561248779297,0.0014226436614990234,0.0014104843139648438,0.0013818740844726562,,,,,,,,,,,,,,,,,,,,,
35,0.0016050338745117188,0.0014607906341552734,0.0014083385467529297,0.001371622085571289,0.0014338493347167969,,,,,,,,,,,,,,,,,,,,,,,,,,,
36,0.0013539791107177734,0.0013570785522460938,0.0014023780822753906,0.0014045238494873047,0.0014007091522216797,0.0013897418975830078,0.0014123916625976562,0.0014200210571289062,0.0014634132385253906,,,,,,,,,,,,,,,,,,,,,,,
37,0.0013518333435058594,0.0013227462768554688,0.0013875961303710938,0.0014255046844482422,,,,,,,,,,,,,,,,,,,,,,,,,,,,
38,0.0014462471008300781,0.0013649463653564453,0.0013480186462402344,0.0013570785522460938,0.001344919204711914,,,,,,,,,,,,,,,,,,,,,,,,,,,
39,0.001360177993774414,0.001359701156616211,0.0013873577117919922,0.0014047622680664062,,,,,,,,,,,,,,,,,,,,,,,,,,,,
40,0.0013599395751953125,0.0013661384582519531,0.0013442039489746094,0.001390695571899414,0.0013988018035888672,0.0014128684997558594,0.0014064311981201172,0.0013985633850097656,,,,,,,,,,,,,,,,,,,,,,,,
41,0.0014407634735107422,0.0013854503631591797,0.0014009475708007812,0.0013737678527832031,0.0014033317565917969,,,,,,,,,,,,,,,,,,,,,,,,,,,
42,0.0013568401336669922,0.0013759136199951172,0.0013699531555175781,0.0013797283172607422,0.001379251480102539,,,,,,,,,,,,,,,,,,,,,,,,,,,
43,0.0015077590942382812,0.0014109611511230469,0.0013823509216308594,0.0014040470123291016,0.001447439193725586,0.0014133453369140625,0.0014159679412841797,,,,,,,,,,,,,,,,,,,,,,,,,
44,0.0014035701751708984,0.0013611316680908203,0.0014073848724365234,0.0013895034790039062,0.001373291015625,0.001359701156616211,,,,,,,,,,,,,,,,,,,,,,,,,,
45,0.0014064311981201172,0.0014040470123291016,0.0013933181762695312,0.001377105712890625,0.001379251480102539,0.0013871192932128906,0.001390695571899414,0.001398324966430664,,,,,,,,,,,,,,,,,,,,,,,,
46,0.0014314651489257812,0.0013985633850097656,0.0014159679412841797,0.001384735107421875,0.001405954360961914,0.0014128684997558594,,,,,,,,,,,,,,,,,,,,,,,,,,
47,0.0014102458953857422,0.0013811588287353516,0.0013794898986816406,0.0013821125030517578,,,,,,,,,,,,,,,,,,,,,,,,,,,,
48,0.0014085769653320312,0.0013659000396728516,0.0013623237609863281,0.0013470649719238281,0.0013420581817626953,0.0013530254364013672,0.001397848129272461,0.0013942718505859375,0.0014133453369140625,0.0013742446899414062,0.0014088153839111328,,,,,,,,,,,,,,,,,,,,,
49,0.0014026165008544922,0.001378774642944336,0.0013802051544189453,0.0013687610626220703,0.0014009475708007812,,,,,,,,,,,,,,,,,,,,,,,,,,,
0,0.08263230323791504,0.002075672149658203,0.0018661022186279297,0.001917123794555664,0.0018532276153564453,0.0017311573028564453,0.0017116069793701172,,,,,,,,,,,,,,,,,,,,,,,,,
1,0.0017161369323730469,0.001796722412109375,0.00167083740234375,0.0016751289367675781,0.0018677711486816406,0.0016484260559082031,,,,,,,,,,,,,,,,,,,,,,,,,,
2,0.001781463623046875,0.0016863346099853516,0.0016057491302490234,0.0017108917236328125,0.0017745494842529297,0.0016999244689941406,,,,,,,,,,,,,,,,,,,,,,,,,,
3,0.0016219615936279297,0.0016677379608154297,0.001607656478881836,0.0019443035125732422,0.00159454345703125,0.0017437934875488281,0.0016810894012451172,0.0017380714416503906,0.0017251968383789062,,,,,,,,,,,,,,,,,,,,,,,
4,0.0017154216766357422,0.0016667842864990234,0.0017402172088623047,0.0016179084777832031,0.0018208026885986328,0.00201416015625,0.0016334056854248047,0.001493215560913086,0.0016086101531982422,0.0014617443084716797,0.0016300678253173828,0.0016160011291503906,,,,,,,,,,,,,,,,,,,,
5,0.0015573501586914062,0.001735687255859375,0.0014111995697021484,0.001560211181640625,0.0014274120330810547,0.0016071796417236328,0.0015697479248046875,0.0015099048614501953,,,,,,,,,,,,,,,,,,,,,,,,
6,0.0015668869018554688,0.0016140937805175781,0.0016047954559326172,0.0016047954559326172,0.0015399456024169922,,,,,,,,,,,,,,,,,,,,,,,,,,,
7,0.0016179084777832031,0.0016252994537353516,0.0015194416046142578,0.001596212387084961,0.0016238689422607422,0.0016281604766845703,,,,,,,,,,,,,,,,,,,,,,,,,,
8,0.0015087127685546875,0.0017066001892089844,0.0016813278198242188,0.0016236305236816406,0.0017323493957519531,,,,,,,,,,,,,,,,,,,,,,,,,,,
9,0.0016701221466064453,0.0015752315521240234,0.0016922950744628906,0.0015685558319091797,0.0019335746765136719,0.001683950424194336,0.001573324203491211,0.0017397403717041016,0.0015850067138671875,0.0016357898712158203,,,,,,,,,,,,,,,,,,,,,,
10,0.0016405582427978516,0.001650094985961914,0.0020503997802734375,0.0019736289978027344,0.0017900466918945312,0.0016977787017822266,0.002036571502685547,0.0017685890197753906,0.0017173290252685547,0.0016779899597167969,0.001734018325805664,0.001705169677734375,0.0016739368438720703,,,,,,,,,,,,,,,,,,,
11,0.0017635822296142578,0.0016102790832519531,0.0018222332000732422,0.0015583038330078125,0.0016825199127197266,,,,,,,,,,,,,,,,,,,,,,,,,,,
12,0.0016937255859375,0.0015943050384521484,0.0016279220581054688,0.0016341209411621094,0.0016331672668457031,0.0017063617706298828,0.0016481876373291016,0.0016257762908935547,0.0017521381378173828,0.0017406940460205078,,,,,,,,,,,,,,,,,,,,,,
13,0.0016491413116455078,0.0017242431640625,0.0017399787902832031,0.0018820762634277344,0.0018756389617919922,0.0017023086547851562,0.0017361640930175781,,,,,,,,,,,,,,,,,,,,,,,,,
14,0.0015406608581542969,0.0016608238220214844,0.001626729965209961,0.001626729965209961,0.0020477771759033203,0.0016734600067138672,0.0016295909881591797,,,,,,,,,,,,,,,,,,,,,,,,,
15,0.0015857219696044922,0.0016331672668457031,0.0015168190002441406,0.0016345977783203125,0.0014603137969970703,0.0016014575958251953,,,,,,,,,,,,,,,,,,,,,,,,,,
16,0.001529693603515625,0.0014352798461914062,0.0016150474548339844,0.0016922950744628906,0.0016438961029052734,,,,,,,,,,,,,,,,,,,,,,,,,,,
17,0.0015988349914550781,0.0015590190887451172,0.0015418529510498047,0.001561880111694336,0.001615762710571289,0.0016224384307861328,,,,,,,,,,,,,,,,,,,,,,,,,,
18,0.0016255378723144531,0.0016431808471679688,0.0015902519226074219,0.0016684532165527344,0.0016813278198242188,0.0016090869903564453,0.0016911029815673828,0.0017447471618652344,,,,,,,,,,,,,,,,,,,,,,,,
19,0.0015594959259033203,0.00186920166015625,0.0015652179718017578,0.0016052722930908203,0.0016689300537109375,,,,,,,,,,,,,,,,,,,,,,,,,,,
20,0.0016727447509765625,0.0016112327575683594,0.0015990734100341797,0.0018017292022705078,0.0015747547149658203,0.0018932819366455078,0.0017285346984863281,0.001678466796875,0.0015799999237060547,0.0016543865203857422,,,,,,,,,,,,,,,,,,,,,,
21,0.0016148090362548828,0.0015473365783691406,0.0016446113586425781,0.001623392105102539,0.0016748905181884766,0.0016322135925292969,0.0017650127410888672,0.0017275810241699219,,,,,,,,,,,,,,,,,,,,,,,,
22,0.001547098159790039,0.0016248226165771484,0.0015912055969238281,0.001627206802368164,0.0016484260559082031,0.0016307830810546875,0.0016930103302001953,,,,,,,,,,,,,,,,,,,,,,,,,
23,0.002087831497192383,0.0015664100646972656,0.001585245132446289,0.0015382766723632812,0.001684427261352539,0.0015072822570800781,0.0017397403717041016,0.0017993450164794922,,,,,,,,,,,,,,,,,,,,,,,,
24,0.0015759468078613281,0.0015451908111572266,0.0018262863159179688,0.0016376972198486328,0.0015702247619628906,0.001638174057006836,0.0016994476318359375,0.0016674995422363281,0.0016825199127197266,,,,,,,,,,,,,,,,,,,,,,,
25,0.0016088485717773438,0.001695394515991211,0.0015859603881835938,0.0022819042205810547,0.0016720294952392578,0.0016562938690185547,,,,,,,,,,,,,,,,,,,,,,,,,,
26,0.001589059829711914,0.0016469955444335938,0.001558065414428711,0.0015559196472167969,0.0016283988952636719,0.0018777847290039062,0.0016717910766601562,0.0017483234405517578,,,,,,,,,,,,,,,,,,,,,,,,
27,0.0016598701477050781,0.0015840530395507812,0.001714468002319336,0.001697540283203125,0.0016634464263916016,0.0016770362854003906,0.001744985580444336,0.0016412734985351562,,,,,,,,,,,,,,,,,,,,,,,,
28,0.0015439987182617188,0.001967191696166992,0.0015707015991210938,0.0016582012176513672,0.0016889572143554688,0.0019397735595703125,,,,,,,,,,,,,,,,,,,,,,,,,,
29,0.001773834228515625,0.0015146732330322266,0.0016138553619384766,0.0014586448669433594,0.0014257431030273438,0.0016427040100097656,,,,,,,,,,,,,,,,,,,,,,,,,,
30,0.0014579296112060547,0.0013897418975830078,0.0015909671783447266,0.0015044212341308594,0.0015523433685302734,0.001432657241821289,0.0014462471008300781,0.0015265941619873047,0.0016586780548095703,,,,,,,,,,,,,,,,,,,,,,,
31,0.0015316009521484375,0.0016112327575683594,0.0015740394592285156,0.0015575885772705078,0.0013909339904785156,0.0017323493957519531,0.0016474723815917969,0.0015766620635986328,0.0015606880187988281,0.0016264915466308594,0.001463174819946289,0.0015826225280761719,0.0015156269073486328,0.0016405582427978516,0.0016350746154785156,0.00160980224609375,,,,,,,,,,,,,,,,
32,0.0015604496002197266,0.0016129016876220703,0.0016224384307861328,0.0015933513641357422,0.0016810894012451172,,,,,,,,,,,,,,,,,,,,,,,,,,,
33,0.0017023086547851562,0.0016160011291503906,0.0016977787017822266,0.0016129016876220703,0.0015819072723388672,0.0019066333770751953,0.001773834228515625,0.0015401840209960938,,,,,,,,,,,,,,,,,,,,,,,,
34,0.001619577407836914,0.0016183853149414062,0.0016684532165527344,0.001659393310546875,0.0017230510711669922,0.0016891956329345703,0.001627206802368164,0.0016956329345703125,,,,,,,,,,,,,,,,,,,,,,,,
35,0.0016052722930908203,0.0017666816711425781,0.0015921592712402344,0.001500844955444336,0.0017139911651611328,,,,,,,,,,,,,,,,,,,,,,,,,,,
36,0.0015692710876464844,0.0015921592712402344,0.0017046928405761719,0.0016674995422363281,,,,,,,,,,,,,,,,,,,,,,,,,,,,
37,0.0016415119171142578,0.0017709732055664062,0.0016796588897705078,0.0016789436340332031,0.0016055107116699219,0.00180816650390625,0.00168609619140625,0.0017163753509521484,0.0015780925750732422,0.0015408992767333984,0.0016565322875976562,0.0016262531280517578,,,,,,,,,,,,,,,,,,,,
38,0.0016491413116455078,0.0016503334045410156,0.00160980224609375,0.001611471176147461,,,,,,,,,,,,,,,,,,,,,,,,,,,,
39,0.0017638206481933594,0.0015521049499511719,0.001619577407836914,0.0015838146209716797,0.001615285873413086,0.0014157295227050781,0.0015118122100830078,0.0014443397521972656,0.001386404037475586,,,,,,,,,,,,,,,,,,,,,,,
40,0.0014128684997558594,0.0013515949249267578,0.001608133316040039,,,,,,,,,,,,,,,,,,,,,,,,,,,,,
41,0.0014214515686035156,0.0014770030975341797,0.0016324520111083984,0.0015735626220703125,0.0014033317565917969,0.001432657241821289,0.0015399456024169922,,,,,,,,,,,,,,,,,,,,,,,,,
42,0.001634836196899414,0.0018031597137451172,0.0016851425170898438,0.001680612564086914,0.0016188621520996094,,,,,,,,,,,,,,,,,,,,,,,,,,,
43,0.0015380382537841797,0.0016791820526123047,0.001592874526977539,0.0017352104187011719,0.001634836196899414,,,,,,,,,,,,,,,,,,,,,,,,,,,
44,0.0016007423400878906,0.0015892982482910156,0.0016264915466308594,0.001641988754272461,0.0016705989837646484,0.0017404556274414062,0.001644134521484375,0.001461029052734375,0.0018210411071777344,0.001806020736694336,0.0019800662994384766,,,,,,,,,,,,,,,,,,,,,
45,0.0016820430755615234,0.0016369819641113281,0.0016224384307861328,0.0016412734985351562,,,,,,,,,,,,,,,,,,,,,,,,,,,,
46,0.0016474723815917969,0.0016295909881591797,0.0016546249389648438,0.0015454292297363281,0.0015141963958740234,0.0014615058898925781,0.001745462417602539,0.0016601085662841797,0.001623392105102539,,,,,,,,,,,,,,,,,,,,,,,
47,0.0015909671783447266,0.0016858577728271484,0.0016520023345947266,0.001659393310546875,0.0015745162963867188,0.001664876937866211,0.0018012523651123047,0.0016026496887207031,0.0016503334045410156,,,,,,,,,,,,,,,,,,,,,,,
48,0.0015861988067626953,0.001650094985961914,0.0016224384307861328,0.0016143321990966797,0.0016341209411621094,0.0014591217041015625,0.0016562938690185547,,,,,,,,,,,,,,,,,,,,,,,,,
49,0.001585245132446289,0.0016584396362304688,0.0016872882843017578,0.0016968250274658203,,,,,,,,,,,,,,,,,,,,,,,,,,,,
0,0.10759520530700684,0.0026073455810546875,0.002435922622680664,0.0016913414001464844,0.0016696453094482422,0.0019736289978027344,0.0016791820526123047,0.0016901493072509766,,,,,,,,,,,,,,,,,,,,,,,,
1,0.0018885135650634766,0.0023097991943359375,0.0016586780548095703,0.0016558170318603516,0.0017275810241699219,0.0019507408142089844,0.001911163330078125,,,,,,,,,,,,,,,,,,,,,,,,,
2,0.0015873908996582031,0.0022826194763183594,0.0016443729400634766,0.0016651153564453125,,,,,,,,,,,,,,,,,,,,,,,,,,,,
3,0.0014832019805908203,0.0016620159149169922,0.0019183158874511719,0.0016772747039794922,0.0017359256744384766,0.001728057861328125,0.001714468002319336,,,,,,,,,,,,,,,,,,,,,,,,,
4,0.0015077590942382812,0.0016248226165771484,0.0016655921936035156,0.002004861831665039,0.001638174057006836,,,,,,,,,,,,,,,,,,,,,,,,,,,
5,0.0013544559478759766,0.0016489028930664062,0.0015954971313476562,0.0016238689422607422,0.0015990734100341797,0.0017497539520263672,,,,,,,,,,,,,,,,,,,,,,,,,,
6,0.0016336441040039062,0.0016109943389892578,0.0016546249389648438,0.0020389556884765625,0.001692056655883789,0.0016863346099853516,0.0017359256744384766,0.00173187255859375,,,,,,,,,,,,,,,,,,,,,,,,
7,0.0015664100646972656,0.0016336441040039062,0.0016279220581054688,0.0016663074493408203,0.0015969276428222656,,,,,,,,,,,,,,,,,,,,,,,,,,,
8,0.0015347003936767578,0.0016586780548095703,0.001644134521484375,0.0016467571258544922,0.001949310302734375,0.0016858577728271484,0.0016248226165771484,0.0017075538635253906,0.0016903877258300781,,,,,,,,,,,,,,,,,,,,,,,
9,0.0015799999237060547,0.0016605854034423828,0.0016155242919921875,0.001669168472290039,0.00159454345703125,0.0016524791717529297,0.0016143321990966797,0.001630544662475586,,,,,,,,,,,,,,,,,,,,,,,,
10,0.0015614032745361328,0.002056598663330078,0.001661539077758789,0.002002716064453125,0.0017004013061523438,0.0016911029815673828,0.0017113685607910156,,,,,,,,,,,,,,,,,,,,,,,,,
11,0.001558065414428711,0.0015916824340820312,0.0016512870788574219,0.001649618148803711,0.0016701221466064453,0.0016624927520751953,0.0016665458679199219,0.0016667842864990234,0.0016756057739257812,0.0016639232635498047,0.0016989707946777344,0.001646280288696289,,,,,,,,,,,,,,,,,,,,
12,0.0013706684112548828,0.0016210079193115234,0.0021734237670898438,0.0016586780548095703,0.0016341209411621094,0.0022559165954589844,,,,,,,,,,,,,,,,,,,,,,,,,,
13,0.001516103744506836,0.0015785694122314453,0.0016450881958007812,0.0016336441040039062,0.0016121864318847656,0.0016674995422363281,0.001661062240600586,0.0016574859619140625,0.0016825199127197266,0.0017015933990478516,0.001688241958618164,0.0016624927520751953,0.0016460418701171875,0.0023622512817382812,0.0017278194427490234,0.001672983169555664,0.0017230510711669922,0.0017032623291015625,0.0016891956329345703,,,,,,,,,,,,,
14,0.00154876708984375,0.0016210079193115234,0.0016634464263916016,0.0016803741455078125,0.0017549991607666016,0.0016722679138183594,0.0016682147979736328,0.002586841583251953,0.0016808509826660156,0.0017175674438476562,,,,,,,,,,,,,,,,,,,,,,
15,0.0015075206756591797,0.0023050308227539062,0.0016222000122070312,0.00164794921875,0.0016436576843261719,0.0016548633575439453,,,,,,,,,,,,,,,,,,,,,,,,,,
16,0.0015635490417480469,0.001634836196899414,0.0016620159149169922,0.0016796588897705078,0.0016911029815673828,0.0017845630645751953,,,,,,,,,,,,,,,,,,,,,,,,,,
17,0.001583099365234375,0.0016367435455322266,0.0016503334045410156,0.002348184585571289,0.0017037391662597656,0.0017132759094238281,,,,,,,,,,,,,,,,,,,,,,,,,,
18,0.001550912857055664,0.001598358154296875,0.0016779899597167969,0.001683950424194336,0.0016281604766845703,,,,,,,,,,,,,,,,,,,,,,,,,,,
19,0.001546621322631836,0.0016443729400634766,0.0016782283782958984,0.0016331672668457031,0.001714468002319336,0.001653432846069336,0.0017192363739013672,,,,,,,,,,,,,,,,,,,,,,,,,
20,0.0015077590942382812,0.001665353775024414,0.0018696784973144531,0.0017235279083251953,0.0016613006591796875,,,,,,,,,,,,,,,,,,,,,,,,,,,
21,0.0015168190002441406,0.0015919208526611328,0.0016171932220458984,0.001621246337890625,0.0016748905181884766,0.0016994476318359375,,,,,,,,,,,,,,,,,,,,,,,,,,
22,0.0014743804931640625,0.0015871524810791016,0.0015835762023925781,0.0016982555389404297,0.001645803451538086,,,,,,,,,,,,,,,,,,,,,,,,,,,
23,0.001346588134765625,0.0016024112701416016,0.0022125244140625,0.0016257762908935547,0.0016601085662841797,0.001714944839477539,0.0016591548919677734,,,,,,,,,,,,,,,,,,,,,,,,,
24,0.0014820098876953125,0.0015933513641357422,0.0016434192657470703,0.0016338825225830078,0.001626729965209961,0.0016295909881591797,,,,,,,,,,,,,,,,,,,,,,,,,,
25,0.001607656478881836,0.0015850067138671875,0.0016319751739501953,0.0015883445739746094,0.0019462108612060547,0.0016889572143554688,0.0016856193542480469,0.0016894340515136719,0.0016813278198242188,0.0016620159149169922,,,,,,,,,,,,,,,,,,,,,,
26,0.0015404224395751953,0.0016994476318359375,0.0016024112701416016,0.0017588138580322266,,,,,,,,,,,,,,,,,,,,,,,,,,,,
27,0.0015048980712890625,0.002033710479736328,0.0016016960144042969,0.001661539077758789,0.002121448516845703,0.001598358154296875,0.0016124248504638672,,,,,,,,,,,,,,,,,,,,,,,,,
28,0.0013706684112548828,0.0019500255584716797,0.0016546249389648438,0.001672983169555664,0.0016655921936035156,0.00168609619140625,0.0016777515411376953,,,,,,,,,,,,,,,,,,,,,,,,,
29,0.0015437602996826172,0.0015842914581298828,0.001611471176147461,0.0016574859619140625,0.0017392635345458984,0.0017328262329101562,0.001707315444946289,0.0017435550689697266,0.0017004013061523438,0.001669168472290039,0.0017342567443847656,,,,,,,,,,,,,,,,,,,,,
30,0.0018804073333740234,0.0016894340515136719,0.0016131401062011719,0.0016779899597167969,,,,,,,,,,,,,,,,,,,,,,,,,,,,
31,0.001556396484375,0.0016951560974121094,0.001720428466796875,0.0017404556274414062,0.0018079280853271484,0.0017604827880859375,0.001680612564086914,0.0016393661499023438,0.0016465187072753906,0.0016639232635498047,,,,,,,,,,,,,,,,,,,,,,
32,0.0015163421630859375,0.0019032955169677734,0.0016982555389404297,0.0016903877258300781,0.0016932487487792969,,,,,,,,,,,,,,,,,,,,,,,,,,,
33,0.0014712810516357422,0.0016319751739501953,0.0016140937805175781,0.0017383098602294922,0.001687765121459961,0.0017502307891845703,,,,,,,,,,,,,,,,,,,,,,,,,,
34,0.0016241073608398438,0.0016596317291259766,0.0016591548919677734,0.0016796588897705078,0.0020134449005126953,0.0016760826110839844,0.0017213821411132812,0.0017554759979248047,,,,,,,,,,,,,,,,,,,,,,,,
35,0.0015208721160888672,0.0016047954559326172,0.0016565322875976562,0.0016558170318603516,0.0016684532165527344,0.0017545223236083984,,,,,,,,,,,,,,,,,,,,,,,,,,
36,0.0015759468078613281,0.0016589164733886719,0.0016484260559082031,0.0015931129455566406,0.0023565292358398438,0.0017268657684326172,0.001722097396850586,0.0016455650329589844,,,,,,,,,,,,,,,,,,,,,,,,
37,0.0014717578887939453,0.0015985965728759766,0.0016171932220458984,0.0016202926635742188,0.0016698837280273438,0.0016264915466308594,,,,,,,,,,,,,,,,,,,,,,,,,,
38,0.0014929771423339844,0.0016384124755859375,0.0016849040985107422,0.0016276836395263672,0.001665353775024414,0.0016477108001708984,0.0017392635345458984,0.001922607421875,0.0016551017761230469,0.0016829967498779297,,,,,,,,,,,,,,,,,,,,,,
39,0.0015532970428466797,0.0015876293182373047,0.0016109943389892578,0.001584768295288086,0.0016968250274658203,0.0016925334930419922,0.0016627311706542969,0.0017342567443847656,0.0016624927520751953,,,,,,,,,,,,,,,,,,,,,,,
40,0.0014951229095458984,0.0015964508056640625,0.0016453266143798828,0.0020186901092529297,0.001665353775024414,0.0016713142395019531,0.001753091812133789,0.0016574859619140625,0.001659393310546875,,,,,,,,,,,,,,,,,,,,,,,
41,0.001537322998046875,0.0016453266143798828,0.0016460418701171875,0.0017094612121582031,,,,,,,,,,,,,,,,,,,,,,,,,,,,
42,0.0015804767608642578,0.001644134521484375,0.0016567707061767578,0.0016765594482421875,0.0026662349700927734,0.0016868114471435547,,,,,,,,,,,,,,,,,,,,,,,,,,
43,0.0015766620635986328,0.0016224384307861328,0.0017004013061523438,0.0017421245574951172,0.0016722679138183594,0.0017037391662597656,,,,,,,,,,,,,,,,,,,,,,,,,,
44,0.001608133316040039,0.001596689224243164,0.0016453266143798828,0.001619577407836914,0.0016486644744873047,,,,,,,,,,,,,,,,,,,,,,,,,,,
45,0.0015540122985839844,0.0016126632690429688,0.0022711753845214844,0.0016238689422607422,0.0016562938690185547,0.0016522407531738281,0.0016443729400634766,,,,,,,,,,,,,,,,,,,,,,,,,
46,0.0016467571258544922,0.002423524856567383,0.001621246337890625,0.0016353130340576172,0.0016319751739501953,0.0016605854034423828,0.0016791820526123047,0.0016841888427734375,,,,,,,,,,,,,,,,,,,,,,,,
47,0.0016145706176757812,0.0017023086547851562,0.0025420188903808594,0.0016810894012451172,0.0016350746154785156,0.0016894340515136719,,,,,,,,,,,,,,,,,,,,,,,,,,
48,0.0013508796691894531,0.0016446113586425781,0.0016298294067382812,0.0016341209411621094,0.0017049312591552734,0.0016434192657470703,,,,,,,,,,,,,,,,,,,,,,,,,,
49,0.0016071796417236328,0.001598358154296875,0.0016338825225830078,0.0016927719116210938,0.0017077922821044922,,,,,,,,,,,,,,,,,,,,,,,,,,,
0,0.0034360885620117188,0.002007007598876953,0.0019397735595703125,0.002218484878540039,0.0016715526580810547,0.0017087459564208984,0.0020804405212402344,0.001611471176147461,,,,,,,,,,,,,,,,,,,,,,,,
1,0.001852273941040039,0.001796722412109375,0.0016598701477050781,0.0017118453979492188,0.001861572265625,,,,,,,,,,,,,,,,,,,,,,,,,,,
2,0.0015766620635986328,0.0016739368438720703,0.0017948150634765625,0.001718282699584961,0.0015799999237060547,,,,,,,,,,,,,,,,,,,,,,,,,,,
3,0.0015287399291992188,0.001617431640625,0.0018439292907714844,0.001728057861328125,0.0015842914581298828,,,,,,,,,,,,,,,,,,,,,,,,,,,
4,0.001657247543334961,0.0016636848449707031,0.0016930103302001953,0.001577138900756836,0.001691579818725586,0.0015587806701660156,0.0021829605102539062,0.0015690326690673828,,,,,,,,,,,,,,,,,,,,,,,,
5,0.0016171932220458984,0.0015478134155273438,0.0014569759368896484,0.0016465187072753906,0.0015766620635986328,,,,,,,,,,,,,,,,,,,,,,,,,,,
6,0.001603841781616211,0.0015387535095214844,0.0014252662658691406,0.0016469955444335938,0.0015532970428466797,0.001529693603515625,0.0016360282897949219,0.00159454345703125,0.0014529228210449219,0.001458883285522461,0.0015649795532226562,0.001558065414428711,0.0015878677368164062,0.0017507076263427734,0.0014510154724121094,0.0014612674713134766,0.0014600753784179688,0.0016694068908691406,0.001626729965209961,0.0016489028930664062,0.001482248306274414,0.001470327377319336,0.0014388561248779297,0.001463174819946289,0.0015823841094970703,0.0015511512756347656,0.0016937255859375,0.001592874526977539,0.0017473697662353516,,,
7,0.0016827583312988281,0.001573324203491211,0.0017251968383789062,0.0016529560089111328,0.0020368099212646484,0.0018582344055175781,,,,,,,,,,,,,,,,,,,,,,,,,,
8,0.0016813278198242188,0.0016689300537109375,0.0016522407531738281,0.0020313262939453125,0.0016779899597167969,0.0016398429870605469,,,,,,,,,,,,,,,,,,,,,,,,,,
9,0.0017850399017333984,0.0018825531005859375,0.0015268325805664062,0.0015888214111328125,0.003070831298828125,0.0016818046569824219,0.0015347003936767578,0.0018131732940673828,,,,,,,,,,,,,,,,,,,,,,,,
10,0.0017180442810058594,0.0016660690307617188,0.001641988754272461,0.0017535686492919922,,,,,,,,,,,,,,,,,,,,,,,,,,,,
11,0.001798391342163086,0.0016987323760986328,0.0016145706176757812,0.001706838607788086,0.0015749931335449219,0.0017070770263671875,,,,,,,,,,,,,,,,,,,,,,,,,,
12,0.0017447471618652344,0.0016028881072998047,0.0015206336975097656,0.0017652511596679688,0.001589059829711914,0.0016632080078125,0.0016202926635742188,0.0017125606536865234,0.0016067028045654297,0.0017006397247314453,0.001638650894165039,0.0017125606536865234,,,,,,,,,,,,,,,,,,,,
13,0.0022504329681396484,0.0017163753509521484,0.0017871856689453125,0.0017223358154296875,0.0016880035400390625,,,,,,,,,,,,,,,,,,,,,,,,,,,
14,0.0016148090362548828,0.0016417503356933594,0.0017070770263671875,0.0019736289978027344,,,,,,,,,,,,,,,,,,,,,,,,,,,,
15,0.0016293525695800781,0.00164794921875,0.001649618148803711,0.0016074180603027344,0.0015223026275634766,0.001550912857055664,0.0016217231750488281,0.0016469955444335938,,,,,,,,,,,,,,,,,,,,,,,,
16,0.0016963481903076172,0.0014801025390625,0.001982450485229492,0.0017273426055908203,0.0016789436340332031,,,,,,,,,,,,,,,,,,,,,,,,,,,
17,0.0016243457794189453,0.0016481876373291016,0.0016481876373291016,0.001638650894165039,0.0014591217041015625,0.0015022754669189453,0.0016286373138427734,0.0017282962799072266,0.0017087459564208984,0.0022988319396972656,0.0017437934875488281,0.0017232894897460938,0.0017313957214355469,0.0019066333770751953,0.001707315444946289,0.0019991397857666016,,,,,,,,,,,,,,,,
18,0.001567840576171875,0.0015521049499511719,0.001538991928100586,0.0016748905181884766,0.0019044876098632812,0.0017521381378173828,0.0018274784088134766,0.0016422271728515625,0.0019807815551757812,0.0016474723815917969,0.0016891956329345703,0.0014598369598388672,,,,,,,,,,,,,,,,,,,,
19,0.001537322998046875,0.0016150474548339844,0.0019741058349609375,0.0017580986022949219,0.0016808509826660156,0.0016770362854003906,0.0016663074493408203,0.001459360122680664,,,,,,,,,,,,,,,,,,,,,,,,
20,0.0016319751739501953,0.001409292221069336,0.0015685558319091797,0.0015149116516113281,0.0016551017761230469,0.0016891956329345703,0.0016994476318359375,0.0017063617706298828,0.0014896392822265625,,,,,,,,,,,,,,,,,,,,,,,
21,0.001636505126953125,0.0017626285552978516,0.001642465591430664,0.0015645027160644531,0.001730203628540039,0.0020787715911865234,0.0016815662384033203,0.0016903877258300781,0.00177001953125,0.0016863346099853516,0.0016353130340576172,,,,,,,,,,,,,,,,,,,,,
22,0.0016562938690185547,0.0015881061553955078,0.0020105838775634766,0.0015566349029541016,0.0016796588897705078,0.0016679763793945312,,,,,,,,,,,,,,,,,,,,,,,,,,
23,0.0015747547149658203,0.0019376277923583984,0.0016717910766601562,0.0016906261444091797,0.001638174057006836,,,,,,,,,,,,,,,,,,,,,,,,,,,
24,0.001672983169555664,0.0017809867858886719,0.0017178058624267578,0.0017027854919433594,0.0016465187072753906,,,,,,,,,,,,,,,,,,,,,,,,,,,
25,0.0016777515411376953,0.00164794921875,0.0016214847564697266,0.0017385482788085938,0.001619100570678711,0.0016884803771972656,0.0016095638275146484,0.0016400814056396484,0.0016376972198486328,0.0016541481018066406,0.0017306804656982422,0.002105712890625,0.001626729965209961,0.0017342567443847656,0.0018835067749023438,0.0017926692962646484,0.0017049312591552734,0.001497507095336914,,,,,,,,,,,,,,
26,0.0014955997467041016,0.0015616416931152344,0.001520395278930664,0.001598358154296875,0.0015707015991210938,0.0015988349914550781,0.0014004707336425781,0.0015344619750976562,0.0014548301696777344,0.0014159679412841797,0.0014796257019042969,0.0016658306121826172,0.0014307498931884766,0.0014264583587646484,0.0014026165008544922,0.0016169548034667969,0.0013947486877441406,0.001424551010131836,0.0013687610626220703,0.0013747215270996094,0.0017542839050292969,0.001432180404663086,0.0014376640319824219,0.0014045238494873047,0.001566171646118164,,,,,,,
27,0.001631021499633789,0.0015740394592285156,0.0016188621520996094,0.0015647411346435547,0.0016946792602539062,0.0017046928405761719,0.0016279220581054688,0.0016722679138183594,,,,,,,,,,,,,,,,,,,,,,,,
28,0.0016942024230957031,0.001451253890991211,0.0015988349914550781,0.0017061233520507812,,,,,,,,,,,,,,,,,,,,,,,,,,,,
29,0.0016567707061767578,0.0015249252319335938,0.001649618148803711,0.0015778541564941406,0.0015401840209960938,0.0021483898162841797,0.0016493797302246094,0.0016736984252929688,0.0016431808471679688,0.002006053924560547,0.0016977787017822266,0.0015711784362792969,,,,,,,,,,,,,,,,,,,,
30,0.0016109943389892578,0.00159454345703125,0.001621246337890625,0.0016207695007324219,0.0015392303466796875,,,,,,,,,,,,,,,,,,,,,,,,,,,
31,0.0015799999237060547,0.0015931129455566406,0.0015568733215332031,0.0016827583312988281,,,,,,,,,,,,,,,,,,,,,,,,,,,,
32,0.0018367767333984375,0.001626729965209961,0.0017323493957519531,0.0016090869903564453,0.0015597343444824219,0.0015909671783447266,0.001598358154296875,,,,,,,,,,,,,,,,,,,,,,,,,
33,0.0017023086547851562,0.001689910888671875,0.0017535686492919922,0.0019893646240234375,0.0017390251159667969,0.0016016960144042969,0.0015873908996582031,0.0016689300537109375,0.001642465591430664,0.0016448497772216797,,,,,,,,,,,,,,,,,,,,,,
34,0.0016047954559326172,0.0016641616821289062,0.0016810894012451172,0.0018200874328613281,0.0014789104461669922,0.0014789104461669922,0.0013794898986816406,0.0013587474822998047,0.0013647079467773438,,,,,,,,,,,,,,,,,,,,,,,
35,0.0014438629150390625,0.0015060901641845703,0.001436471939086914,0.0015377998352050781,0.0015988349914550781,0.0015556812286376953,,,,,,,,,,,,,,,,,,,,,,,,,,
36,0.0014629364013671875,0.0013535022735595703,0.001622915267944336,0.0015909671783447266,0.0016937255859375,0.0015256404876708984,0.0015387535095214844,0.001409769058227539,0.0015006065368652344,0.0016949176788330078,0.0014927387237548828,0.0015261173248291016,0.0015227794647216797,0.0016803741455078125,0.0015349388122558594,,,,,,,,,,,,,,,,,
37,0.0015339851379394531,0.0015399456024169922,0.0015568733215332031,0.0016558170318603516,0.0016760826110839844,0.0016438961029052734,0.0016279220581054688,0.0015628337860107422,0.0015304088592529297,0.001676321029663086,0.0017092227935791016,,,,,,,,,,,,,,,,,,,,,
38,0.0016667842864990234,0.0017063617706298828,0.0020923614501953125,0.001617431640625,0.0016324520111083984,,,,,,,,,,,,,,,,,,,,,,,,,,,
39,0.0015017986297607422,0.0016467571258544922,0.0015842914581298828,0.0018193721771240234,0.0017075538635253906,0.0016965866088867188,0.0016338825225830078,,,,,,,,,,,,,,,,,,,,,,,,,
40,0.00164794921875,0.001947641372680664,0.0017116069793701172,0.001561880111694336,0.0016515254974365234,0.0015816688537597656,0.0015811920166015625,0.0015590190887451172,0.0018131732940673828,,,,,,,,,,,,,,,,,,,,,,,
41,0.0015938282012939453,0.0015935897827148438,0.0016851425170898438,0.0016796588897705078,0.0015478134155273438,0.00157928466796875,0.0016016960144042969,0.0015571117401123047,0.0014641284942626953,0.0015366077423095703,0.0014581680297851562,0.0015795230865478516,0.0016896724700927734,0.0015273094177246094,0.0014469623565673828,0.0014145374298095703,0.001397848129272461,0.0013685226440429688,0.0013995170593261719,0.0014111995697021484,,,,,,,,,,,,
42,0.0016252994537353516,0.0017409324645996094,0.0016088485717773438,0.001384735107421875,0.0015270709991455078,0.0014607906341552734,,,,,,,,,,,,,,,,,,,,,,,,,,
43,0.0016014575958251953,0.0015265941619873047,0.0013966560363769531,0.0014393329620361328,0.0015780925750732422,0.0015206336975097656,0.0014388561248779297,0.0014538764953613281,0.0014252662658691406,,,,,,,,,,,,,,,,,,,,,,,
44,0.0015764236450195312,0.0016028881072998047,0.0015647411346435547,0.0015881061553955078,0.0016031265258789062,0.0014870166778564453,0.0016326904296875,0.0014297962188720703,,,,,,,,,,,,,,,,,,,,,,,,
45,0.0019829273223876953,0.001589059829711914,0.0016009807586669922,0.0016236305236816406,0.0016255378723144531,0.0014412403106689453,0.0015244483947753906,0.0014910697937011719,0.0015110969543457031,0.0014500617980957031,0.0016045570373535156,0.0014531612396240234,0.0014531612396240234,0.0014240741729736328,0.0014224052429199219,0.0016279220581054688,,,,,,,,,,,,,,,,
46,0.0015718936920166016,0.0016071796417236328,0.0015115737915039062,0.0016291141510009766,0.0015845298767089844,0.0016024112701416016,0.001413583755493164,0.0014503002166748047,0.0016357898712158203,,,,,,,,,,,,,,,,,,,,,,,
47,0.0016088485717773438,0.0018999576568603516,0.0016064643859863281,0.001522064208984375,0.0017287731170654297,0.0013921260833740234,0.0015158653259277344,,,,,,,,,,,,,,,,,,,,,,,,,
48,0.0015583038330078125,0.0015170574188232422,0.0014166831970214844,0.0015802383422851562,0.0013988018035888672,0.0016164779663085938,0.0014374256134033203,0.0013816356658935547,,,,,,,,,,,,,,,,,,,,,,,,
49,0.0014986991882324219,0.0015430450439453125,0.0015599727630615234,0.0015377998352050781,0.0014116764068603516,0.0015244483947753906,,,,,,,,,,,,,,,,,,,,,,,,,,
0,0.10136938095092773,0.002038717269897461,0.0019927024841308594,0.00205230712890625,,,,,,,,,,,,,,,,,,,,,,,,,,,,
1,0.0018529891967773438,0.0019583702087402344,0.0016281604766845703,0.0020780563354492188,,,,,,,,,,,,,,,,,,,,,,,,,,,,
2,0.0015459060668945312,0.0015711784362792969,0.0016062259674072266,0.001878499984741211,0.0016260147094726562,0.0016937255859375,,,,,,,,,,,,,,,,,,,,,,,,,,
3,0.0018773078918457031,0.0016200542449951172,0.0016028881072998047,0.0016255378723144531,0.0019981861114501953,0.0016987323760986328,0.0016946792602539062,0.001665353775024414,0.0016601085662841797,0.0016696453094482422,0.0016973018646240234,0.0016896724700927734,0.002367734909057617,0.0016999244689941406,0.0016837120056152344,0.0016498565673828125,0.0016410350799560547,0.001638650894165039,,,,,,,,,,,,,,
4,0.0015325546264648438,0.0016391277313232422,0.0016031265258789062,0.0016477108001708984,0.0016214847564697266,0.0019352436065673828,0.0016374588012695312,,,,,,,,,,,,,,,,,,,,,,,,,
5,0.0015292167663574219,0.0015943050384521484,0.0016531944274902344,0.0016448497772216797,0.001646280288696289,,,,,,,,,,,,,,,,,,,,,,,,,,,
6,0.0015683174133300781,0.0019025802612304688,0.0016400814056396484,0.0015745162963867188,0.0015943050384521484,0.0016736984252929688,0.001659393310546875,0.0016562938690185547,0.002354145050048828,0.0016820430755615234,,,,,,,,,,,,,,,,,,,,,,
7,0.0015330314636230469,0.0016345977783203125,0.0016553401947021484,0.0016186237335205078,,,,,,,,,,,,,,,,,,,,,,,,,,,,
8,0.001539468765258789,0.0019407272338867188,0.0016224384307861328,0.001611948013305664,0.0016810894012451172,,,,,,,,,,,,,,,,,,,,,,,,,,,
9,0.002552509307861328,0.0015664100646972656,0.0016529560089111328,0.0016396045684814453,0.0016739368438720703,0.001615762710571289,,,,,,,,,,,,,,,,,,,,,,,,,,
10,0.0014781951904296875,0.0015554428100585938,0.0016489028930664062,0.0016086101531982422,0.0022521018981933594,0.0016655921936035156,,,,,,,,,,,,,,,,,,,,,,,,,,
11,0.0019142627716064453,0.0016264915466308594,0.0016007423400878906,0.0016438961029052734,,,,,,,,,,,,,,,,,,,,,,,,,,,,
12,0.0014858245849609375,0.0015444755554199219,0.001615285873413086,0.0020449161529541016,0.0016627311706542969,0.00164031982421875,0.001661062240600586,0.001687765121459961,0.001668691635131836,,,,,,,,,,,,,,,,,,,,,,,
13,0.0015172958374023438,0.0022826194763183594,0.0015668869018554688,0.0016062259674072266,0.0016384124755859375,,,,,,,,,,,,,,,,,,,,,,,,,,,
14,0.0016617774963378906,0.0015943050384521484,0.0015780925750732422,0.0015914440155029297,0.0022649765014648438,0.0016582012176513672,0.0016243457794189453,0.001619577407836914,0.0016624927520751953,0.001605987548828125,0.0016529560089111328,0.001627206802368164,0.0016007423400878906,0.001581430435180664,0.0015850067138671875,0.0015931129455566406,0.001607656478881836,0.0016009807586669922,0.0015790462493896484,,,,,,,,,,,,,
15,0.0014979839324951172,0.0016210079193115234,0.0015859603881835938,0.0015943050384521484,0.0019295215606689453,0.001668691635131836,0.0016045570373535156,0.0017156600952148438,0.0016169548034667969,,,,,,,,,,,,,,,,,,,,,,,
16,0.0014655590057373047,0.001546621322631836,0.001983165740966797,0.0015683174133300781,0.001615285873413086,0.0016007423400878906,0.0016205310821533203,0.001598358154296875,0.0016138553619384766,0.0016012191772460938,0.0016093254089355469,,,,,,,,,,,,,,,,,,,,,
17,0.0014598369598388672,0.001970052719116211,0.0016429424285888672,0.001678466796875,0.0022749900817871094,0.0016603469848632812,0.0016422271728515625,,,,,,,,,,,,,,,,,,,,,,,,,
18,0.001499176025390625,0.0016293525695800781,0.0020487308502197266,0.0016510486602783203,0.001657724380493164,0.0016331672668457031,0.0016088485717773438,,,,,,,,,,,,,,,,,,,,,,,,,
19,0.0014579296112060547,0.0015599727630615234,0.0016167163848876953,0.002007007598876953,0.0016322135925292969,,,,,,,,,,,,,,,,,,,,,,,,,,,
20,0.0014955997467041016,0.0016102790832519531,0.0016045570373535156,0.0016369819641113281,0.001621246337890625,0.001705169677734375,,,,,,,,,,,,,,,,,,,,,,,,,,
21,0.0014030933380126953,0.0016055107116699219,0.0015716552734375,0.0016198158264160156,0.0017311573028564453,0.001672506332397461,0.0016520023345947266,0.0016512870788574219,,,,,,,,,,,,,,,,,,,,,,,,
22,0.0014996528625488281,0.001916646957397461,0.0016307830810546875,0.0016446113586425781,0.001678466796875,0.0016930103302001953,,,,,,,,,,,,,,,,,,,,,,,,,,
23,0.0015187263488769531,0.0015940666198730469,0.0019221305847167969,0.0016548633575439453,0.0017559528350830078,0.0016973018646240234,0.0016949176788330078,0.0016777515411376953,0.0016808509826660156,0.001664876937866211,0.0017347335815429688,0.0016326904296875,0.0016443729400634766,0.0016918182373046875,,,,,,,,,,,,,,,,,,
24,0.0015971660614013672,0.00153350830078125,0.001626729965209961,0.0016524791717529297,,,,,,,,,,,,,,,,,,,,,,,,,,,,
25,0.0018434524536132812,0.0015416145324707031,0.0016026496887207031,0.0016374588012695312,0.0016477108001708984,0.0015974044799804688,0.001621246337890625,,,,,,,,,,,,,,,,,,,,,,,,,
26,0.0014226436614990234,0.0019483566284179688,0.0015294551849365234,0.0015499591827392578,0.0015964508056640625,0.001585245132446289,0.0016317367553710938,0.0016300678253173828,0.0016896724700927734,,,,,,,,,,,,,,,,,,,,,,,
27,0.0017886161804199219,0.00162506103515625,0.0015933513641357422,0.0016679763793945312,,,,,,,,,,,,,,,,,,,,,,,,,,,,
28,0.0014226436614990234,0.0015041828155517578,0.001529693603515625,0.0015375614166259766,0.0019044876098632812,0.0015683174133300781,0.001653432846069336,0.0016045570373535156,0.0015635490417480469,0.0015892982482910156,0.0016317367553710938,0.0015573501586914062,,,,,,,,,,,,,,,,,,,,
29,0.0015015602111816406,0.001878976821899414,0.0016467571258544922,0.0016069412231445312,0.0015757083892822266,0.001626729965209961,0.0016064643859863281,0.0016140937805175781,,,,,,,,,,,,,,,,,,,,,,,,
30,0.0014455318450927734,0.0019063949584960938,0.001611948013305664,0.0015864372253417969,0.0015766620635986328,0.0016148090362548828,0.0016002655029296875,0.0015697479248046875,0.0016245841979980469,0.0018286705017089844,0.0016179084777832031,0.0016088485717773438,0.0015838146209716797,0.0016696453094482422,0.0015816688537597656,0.002115964889526367,,,,,,,,,,,,,,,,
31,0.0014638900756835938,0.001867532730102539,0.0015854835510253906,0.001596689224243164,,,,,,,,,,,,,,,,,,,,,,,,,,,,
32,0.0015072822570800781,0.001566171646118164,0.001584768295288086,0.0015976428985595703,0.0016753673553466797,,,,,,,,,,,,,,,,,,,,,,,,,,,
33,0.0014834403991699219,0.002095460891723633,0.001547098159790039,0.0015325546264648438,0.0016410350799560547,0.0016021728515625,,,,,,,,,,,,,,,,,,,,,,,,,,
34,0.0014791488647460938,0.0019180774688720703,0.0015749931335449219,0.0015976428985595703,0.001588582992553711,0.0015799999237060547,0.0016186237335205078,0.001684427261352539,,,,,,,,,,,,,,,,,,,,,,,,
35,0.0014982223510742188,0.001789093017578125,0.0015497207641601562,0.0015530586242675781,0.0016193389892578125,0.0016651153564453125,0.0016355514526367188,0.0016620159149169922,0.001664876937866211,0.002507448196411133,,,,,,,,,,,,,,,,,,,,,,
36,0.0015521049499511719,0.0015075206756591797,0.0016624927520751953,0.001644134521484375,0.0016014575958251953,0.0016598701477050781,0.0016224384307861328,,,,,,,,,,,,,,,,,,,,,,,,,
37,0.0017838478088378906,0.0015377998352050781,0.0015785694122314453,0.001596689224243164,,,,,,,,,,,,,,,,,,,,,,,,,,,,
38,0.001531362533569336,0.0015954971313476562,0.0020589828491210938,0.001598358154296875,0.0016162395477294922,,,,,,,,,,,,,,,,,,,,,,,,,,,
39,0.0014643669128417969,0.0015866756439208984,0.001641988754272461,0.001589059829711914,0.0016660690307617188,,,,,,,,,,,,,,,,,,,,,,,,,,,
40,0.001482248306274414,0.002309560775756836,0.0015697479248046875,0.0016090869903564453,0.0016438961029052734,0.0016090869903564453,0.0016398429870605469,0.0016417503356933594,0.0016028881072998047,0.0016162395477294922,0.0019068717956542969,0.0015947818756103516,0.0016889572143554688,0.0015728473663330078,0.0016086101531982422,0.0016474723815917969,0.0016112327575683594,0.0015871524810791016,,,,,,,,,,,,,,
41,0.001499176025390625,0.0015747547149658203,0.0016109943389892578,0.001538991928100586,0.0016322135925292969,0.0015900135040283203,0.0020761489868164062,0.0016505718231201172,,,,,,,,,,,,,,,,,,,,,,,,
42,0.0015099048614501953,0.001554727554321289,0.001958608627319336,0.0015964508056640625,0.0016412734985351562,,,,,,,,,,,,,,,,,,,,,,,,,,,
43,0.001493692398071289,0.0015604496002197266,0.001628875732421875,0.001577615737915039,0.0018563270568847656,0.0016164779663085938,,,,,,,,,,,,,,,,,,,,,,,,,,
44,0.0014634132385253906,0.0015900135040283203,0.0016033649444580078,0.001628875732421875,0.00165557861328125,0.0016109943389892578,0.0018503665924072266,0.001590728759765625,,,,,,,,,,,,,,,,,,,,,,,,
45,0.001524209976196289,0.0015227794647216797,0.001552581787109375,0.0016582012176513672,0.0016047954559326172,0.0016150474548339844,0.0016620159149169922,,,,,,,,,,,,,,,,,,,,,,,,,
46,0.0017135143280029297,0.0015225410461425781,0.0016279220581054688,0.001657724380493164,0.0016837120056152344,0.00165557861328125,0.0016481876373291016,,,,,,,,,,,,,,,,,,,,,,,,,
47,0.0018813610076904297,0.0015413761138916016,0.0016095638275146484,0.0016596317291259766,0.0016710758209228516,,,,,,,,,,,,,,,,,,,,,,,,,,,
48,0.0015168190002441406,0.0015261173248291016,0.0017943382263183594,0.0016326904296875,,,,,,,,,,,,,,,,,,,,,,,,,,,,
49,0.001477956771850586,0.0015845298767089844,0.0015757083892822266,0.0016465187072753906,0.0016412734985351562,,,,,,,,,,,,,,,,,,,,,,,,,,,
0,0.11252450942993164,0.0019314289093017578,0.0019512176513671875,0.0018253326416015625,,,,,,,,,,,,,,,,,,,,,,,,,,,,
1,0.00199127197265625,0.0019443035125732422,0.0019459724426269531,0.0016541481018066406,0.0016798973083496094,0.0016655921936035156,,,,,,,,,,,,,,,,,,,,,,,,,,
2,0.0015192031860351562,0.0020339488983154297,0.001550436019897461,0.002037525177001953,0.0015914440155029297,0.001661539077758789,0.0016176700592041016,0.001971006393432617,,,,,,,,,,,,,,,,,,,,,,,,
3,0.0015764236450195312,0.00168609619140625,0.0016169548034667969,0.0019474029541015625,0.0016973018646240234,0.0016875267028808594,,,,,,,,,,,,,,,,,,,,,,,,,,
4,0.0015559196472167969,0.001726388931274414,0.0016455650329589844,0.001758575439453125,0.0015892982482910156,,,,,,,,,,,,,,,,,,,,,,,,,,,
5,0.001544952392578125,0.0016710758209228516,0.0018641948699951172,0.001657247543334961,,,,,,,,,,,,,,,,,,,,,,,,,,,,
6,0.0015518665313720703,0.0016927719116210938,0.0016236305236816406,0.0016372203826904297,0.0019571781158447266,0.0016446113586425781,0.0016841888427734375,0.0016756057739257812,,,,,,,,,,,,,,,,,,,,,,,,
7,0.0015516281127929688,0.0017168521881103516,0.0016512870788574219,0.0016548633575439453,0.0016570091247558594,0.0016825199127197266,0.0017979145050048828,,,,,,,,,,,,,,,,,,,,,,,,,
8,0.0014941692352294922,0.0016245841979980469,0.0016219615936279297,0.0015769004821777344,0.001828908920288086,0.0016069412231445312,0.0016102790832519531,,,,,,,,,,,,,,,,,,,,,,,,,
9,0.0014581680297851562,0.0016446113586425781,0.0015854835510253906,0.0019507408142089844,0.0016019344329833984,0.00159454345703125,0.0016198158264160156,0.0016553401947021484,0.0016140937805175781,,,,,,,,,,,,,,,,,,,,,,,
10,0.0016357898712158203,0.0015697479248046875,0.0015780925750732422,0.0015971660614013672,0.0018069744110107422,,,,,,,,,,,,,,,,,,,,,,,,,,,
11,0.0015780925750732422,0.0016150474548339844,0.0016121864318847656,0.002158641815185547,0.0016548633575439453,,,,,,,,,,,,,,,,,,,,,,,,,,,
12,0.0014853477478027344,0.0016274452209472656,0.0015985965728759766,0.001619100570678711,0.0019245147705078125,0.0016748905181884766,0.002170085906982422,,,,,,,,,,,,,,,,,,,,,,,,,
13,0.0014634132385253906,0.0020339488983154297,0.0015616416931152344,0.0017421245574951172,0.0015892982482910156,,,,,,,,,,,,,,,,,,,,,,,,,,,
14,0.0015621185302734375,0.0020895004272460938,0.0020313262939453125,0.0016579627990722656,,,,,,,,,,,,,,,,,,,,,,,,,,,,
15,0.0015211105346679688,0.0016026496887207031,0.0015840530395507812,0.001598358154296875,0.001733541488647461,0.0015859603881835938,0.001592397689819336,0.0016658306121826172,0.0016667842864990234,,,,,,,,,,,,,,,,,,,,,,,
16,0.0015871524810791016,0.0018887519836425781,0.0016553401947021484,0.0016756057739257812,0.0016524791717529297,0.0016324520111083984,,,,,,,,,,,,,,,,,,,,,,,,,,
17,0.00160980224609375,0.0016770362854003906,0.0016705989837646484,0.0016541481018066406,0.0018687248229980469,0.0016257762908935547,0.0016722679138183594,0.0016946792602539062,0.001636505126953125,0.0016930103302001953,0.0017497539520263672,0.0016438961029052734,,,,,,,,,,,,,,,,,,,,
18,0.0013966560363769531,0.001622915267944336,0.0015990734100341797,0.0016300678253173828,0.001810312271118164,0.0015883445739746094,0.001615285873413086,0.0016074180603027344,,,,,,,,,,,,,,,,,,,,,,,,
19,0.0014612674713134766,0.0016324520111083984,0.0015888214111328125,0.0016276836395263672,0.0016214847564697266,0.0016319751739501953,0.0018377304077148438,0.0016908645629882812,,,,,,,,,,,,,,,,,,,,,,,,
20,0.0015425682067871094,0.0015072822570800781,0.0016622543334960938,0.0017437934875488281,,,,,,,,,,,,,,,,,,,,,,,,,,,,
21,0.0015099048614501953,0.0016376972198486328,0.0015621185302734375,0.0015778541564941406,0.0018033981323242188,0.0016186237335205078,0.0016257762908935547,0.0016293525695800781,,,,,,,,,,,,,,,,,,,,,,,,
22,0.0014960765838623047,0.0016772747039794922,0.0016019344329833984,0.0015740394592285156,0.0016772747039794922,0.0019333362579345703,0.0016198158264160156,0.0016410350799560547,,,,,,,,,,,,,,,,,,,,,,,,
23,0.0014476776123046875,0.0015728473663330078,0.0016841888427734375,0.0016102790832519531,,,,,,,,,,,,,,,,,,,,,,,,,,,,
24,0.0014829635620117188,0.0015704631805419922,0.0015845298767089844,0.001650094985961914,0.0018587112426757812,0.0017061233520507812,,,,,,,,,,,,,,,,,,,,,,,,,,
25,0.0014846324920654297,0.0015540122985839844,0.0017189979553222656,0.0015726089477539062,0.001672506332397461,0.0016601085662841797,0.0017027854919433594,,,,,,,,,,,,,,,,,,,,,,,,,
26,0.0019927024841308594,0.001589059829711914,0.0015442371368408203,0.0016181468963623047,0.0016107559204101562,0.0018634796142578125,,,,,,,,,,,,,,,,,,,,,,,,,,
27,0.0015583038330078125,0.0015711784362792969,0.0015392303466796875,0.0016162395477294922,0.0016782283782958984,0.0018262863159179688,0.0015799999237060547,0.0016264915466308594,,,,,,,,,,,,,,,,,,,,,,,,
28,0.0014929771423339844,0.0015392303466796875,0.0015518665313720703,0.0017476081848144531,0.0015747547149658203,0.0015745162963867188,0.0015985965728759766,,,,,,,,,,,,,,,,,,,,,,,,,
29,0.0014772415161132812,0.0017702579498291016,0.0017483234405517578,0.0015959739685058594,0.001651763916015625,,,,,,,,,,,,,,,,,,,,,,,,,,,
30,0.0014696121215820312,0.0015370845794677734,0.001667022705078125,0.0016765594482421875,0.0016620159149169922,0.001603841781616211,0.001664876937866211,0.0018620491027832031,0.0016326904296875,,,,,,,,,,,,,,,,,,,,,,,
31,0.0014696121215820312,0.0015554428100585938,0.0015308856964111328,0.0015599727630615234,0.0016837120056152344,0.0016009807586669922,0.001562356948852539,0.0015935897827148438,0.001600027084350586,,,,,,,,,,,,,,,,,,,,,,,
32,0.0013763904571533203,0.0020606517791748047,0.001560211181640625,0.0015666484832763672,0.001585245132446289,0.0016326904296875,,,,,,,,,,,,,,,,,,,,,,,,,,
33,0.0014433860778808594,0.0017421245574951172,0.0016200542449951172,0.0015871524810791016,0.0015857219696044922,0.0015957355499267578,0.0018165111541748047,,,,,,,,,,,,,,,,,,,,,,,,,
34,0.0015349388122558594,0.001575469970703125,0.0016317367553710938,0.0016596317291259766,0.0018088817596435547,0.0016624927520751953,,,,,,,,,,,,,,,,,,,,,,,,,,
35,0.0014986991882324219,0.0015482902526855469,0.0015597343444824219,0.0017158985137939453,0.0016193389892578125,0.0016052722930908203,0.001636505126953125,0.0015633106231689453,0.0016131401062011719,,,,,,,,,,,,,,,,,,,,,,,
36,0.001683950424194336,0.0015473365783691406,0.0015683174133300781,0.0015444755554199219,0.0015838146209716797,0.002019166946411133,,,,,,,,,,,,,,,,,,,,,,,,,,
37,0.0015730857849121094,0.0015811920166015625,0.0015804767608642578,0.0016088485717773438,0.0015952587127685547,0.0017447471618652344,0.0016512870788574219,,,,,,,,,,,,,,,,,,,,,,,,,
38,0.0014426708221435547,0.0015668869018554688,0.0015454292297363281,0.001561880111694336,0.0017437934875488281,0.0016486644744873047,,,,,,,,,,,,,,,,,,,,,,,,,,
39,0.0014452934265136719,0.001520395278930664,0.0015804767608642578,0.0017518997192382812,0.0015745162963867188,0.0016071796417236328,0.001589059829711914,,,,,,,,,,,,,,,,,,,,,,,,,
40,0.0015006065368652344,0.0015120506286621094,0.0017518997192382812,0.0015578269958496094,0.001589059829711914,0.0015804767608642578,,,,,,,,,,,,,,,,,,,,,,,,,,
41,0.00154876708984375,0.0017423629760742188,0.0015709400177001953,0.0016584396362304688,,,,,,,,,,,,,,,,,,,,,,,,,,,,
42,0.0014541149139404297,0.0015647411346435547,0.0015883445739746094,0.001829385757446289,0.001585245132446289,0.0016515254974365234,0.0016143321990966797,,,,,,,,,,,,,,,,,,,,,,,,,
43,0.0015118122100830078,0.00162506103515625,0.001524209976196289,0.0016219615936279297,0.0016369819641113281,,,,,,,,,,,,,,,,,,,,,,,,,,,
44,0.0016849040985107422,0.0015742778778076172,0.0015780925750732422,0.0016307830810546875,0.0016102790832519531,0.0017354488372802734,,,,,,,,,,,,,,,,,,,,,,,,,,
45,0.0014069080352783203,0.0015473365783691406,0.0015773773193359375,0.0015938282012939453,0.0015819072723388672,0.0018868446350097656,,,,,,,,,,,,,,,,,,,,,,,,,,
46,0.001493215560913086,0.0015549659729003906,0.0016260147094726562,0.001790761947631836,0.0016214847564697266,,,,,,,,,,,,,,,,,,,,,,,,,,,
47,0.0014777183532714844,0.0015456676483154297,0.0015745162963867188,0.0016338825225830078,0.0018057823181152344,0.0016474723815917969,0.0016720294952392578,0.0016341209411621094,,,,,,,,,,,,,,,,,,,,,,,,
48,0.0014891624450683594,0.0015888214111328125,0.0017113685607910156,0.0016179084777832031,0.0015785694122314453,0.0016565322875976562,0.0015873908996582031,0.0018258094787597656,,,,,,,,,,,,,,,,,,,,,,,,
49,0.0015408992767333984,0.0015323162078857422,0.0015759468078613281,0.0015714168548583984,0.0015649795532226562,0.0017447471618652344,0.0016772747039794922,,,,,,,,,,,,,,,,,,,,,,,,,
0,0.12169575691223145,0.0020246505737304688,0.002033710479736328,0.002180814743041992,0.003035306930541992,0.002049684524536133,0.0016849040985107422,0.0017240047454833984,0.0018546581268310547,0.001983642578125,0.0016946792602539062,,,,,,,,,,,,,,,,,,,,,
1,0.001863718032836914,0.0016295909881591797,0.0017018318176269531,0.001743316650390625,0.001985311508178711,,,,,,,,,,,,,,,,,,,,,,,,,,,
2,0.0015633106231689453,0.001649618148803711,0.0018486976623535156,0.0016453266143798828,0.0016303062438964844,0.001956939697265625,0.0016872882843017578,0.0016524791717529297,0.0016412734985351562,,,,,,,,,,,,,,,,,,,,,,,
3,0.0015447139739990234,0.0018720626831054688,0.0016126632690429688,0.0016303062438964844,0.0016002655029296875,0.0017821788787841797,,,,,,,,,,,,,,,,,,,,,,,,,,
4,0.0015363693237304688,0.0016100406646728516,0.0016589164733886719,0.0019099712371826172,0.0016520023345947266,0.0016868114471435547,0.001667022705078125,,,,,,,,,,,,,,,,,,,,,,,,,
5,0.0016100406646728516,0.0016372203826904297,0.0016832351684570312,0.0016922950744628906,0.0017957687377929688,,,,,,,,,,,,,,,,,,,,,,,,,,,
6,0.0014693737030029297,0.0015642642974853516,0.0015478134155273438,0.001832723617553711,0.001613616943359375,0.0016601085662841797,0.0016329288482666016,,,,,,,,,,,,,,,,,,,,,,,,,
7,0.0018129348754882812,0.0015997886657714844,0.001729726791381836,0.0017886161804199219,,,,,,,,,,,,,,,,,,,,,,,,,,,,
8,0.0015950202941894531,0.0015926361083984375,0.0020904541015625,0.0015997886657714844,0.001703500747680664,,,,,,,,,,,,,,,,,,,,,,,,,,,
9,0.0015208721160888672,0.0016312599182128906,0.0018129348754882812,0.0016443729400634766,0.0016551017761230469,0.0016925334930419922,0.0017619132995605469,,,,,,,,,,,,,,,,,,,,,,,,,
10,0.0017199516296386719,0.0015873908996582031,0.0017261505126953125,0.0016238689422607422,0.0016398429870605469,,,,,,,,,,,,,,,,,,,,,,,,,,,
11,0.0014998912811279297,0.0017452239990234375,0.0016398429870605469,0.0017004013061523438,0.0015919208526611328,0.0020623207092285156,,,,,,,,,,,,,,,,,,,,,,,,,,
12,0.0016117095947265625,0.0017168521881103516,0.0016849040985107422,0.0016460418701171875,0.002106189727783203,0.0017464160919189453,0.0017063617706298828,,,,,,,,,,,,,,,,,,,,,,,,,
13,0.0015494823455810547,0.001674652099609375,0.0016493797302246094,0.0016062259674072266,0.0016207695007324219,0.001687765121459961,,,,,,,,,,,,,,,,,,,,,,,,,,
14,0.0017352104187011719,0.0015492439270019531,0.001585245132446289,0.0017337799072265625,0.0015866756439208984,0.0016117095947265625,0.0018270015716552734,,,,,,,,,,,,,,,,,,,,,,,,,
15,0.0014874935150146484,0.0015921592712402344,0.0017249584197998047,0.0016121864318847656,0.0016460418701171875,0.0016090869903564453,,,,,,,,,,,,,,,,,,,,,,,,,,
16,0.0016617774963378906,0.0015892982482910156,0.0016143321990966797,0.0015749931335449219,0.0017881393432617188,0.0016434192657470703,0.0016047954559326172,,,,,,,,,,,,,,,,,,,,,,,,,
17,0.0015463829040527344,0.0016155242919921875,0.0017619132995605469,0.0015709400177001953,0.0015726089477539062,0.001676321029663086,0.0015892982482910156,0.0016024112701416016,0.0016667842864990234,0.0016257762908935547,,,,,,,,,,,,,,,,,,,,,,
18,0.0015239715576171875,0.0017790794372558594,0.0015807151794433594,0.0016772747039794922,0.0017342567443847656,0.001584768295288086,,,,,,,,,,,,,,,,,,,,,,,,,,
19,0.0015399456024169922,0.0015180110931396484,0.0015797615051269531,0.001844644546508789,,,,,,,,,,,,,,,,,,,,,,,,,,,,
20,0.002044677734375,0.0016126632690429688,0.0016489028930664062,0.001603841781616211,0.0015773773193359375,0.0020563602447509766,0.0016298294067382812,0.0016183853149414062,,,,,,,,,,,,,,,,,,,,,,,,
21,0.17615079879760742,0.0016977787017822266,0.0015683174133300781,0.001605987548828125,0.0016407966613769531,,,,,,,,,,,,,,,,,,,,,,,,,,,
22,0.0019407272338867188,0.0015680789947509766,0.0015978813171386719,0.0017347335815429688,0.001664876937866211,,,,,,,,,,,,,,,,,,,,,,,,,,,
23,0.0014865398406982422,0.0015850067138671875,0.0017664432525634766,0.0015544891357421875,0.0016009807586669922,0.001745462417602539,0.0016474723815917969,,,,,,,,,,,,,,,,,,,,,,,,,
24,0.001386404037475586,0.0015320777893066406,0.0015404224395751953,0.0018336772918701172,0.0016283988952636719,0.0015821456909179688,,,,,,,,,,,,,,,,,,,,,,,,,,
25,0.0015130043029785156,0.001667022705078125,0.0015833377838134766,0.0016491413116455078,0.0016443729400634766,,,,,,,,,,,,,,,,,,,,,,,,,,,
26,0.0014586448669433594,0.0017459392547607422,0.0016078948974609375,0.001585245132446289,0.0017066001892089844,0.0016531944274902344,0.0016069412231445312,0.0018084049224853516,0.0016980171203613281,,,,,,,,,,,,,,,,,,,,,,,
27,0.0016605854034423828,0.001527547836303711,0.0016276836395263672,0.001787424087524414,0.0016460418701171875,,,,,,,,,,,,,,,,,,,,,,,,,,,
28,0.0015087127685546875,0.0017077922821044922,0.0016031265258789062,0.001615762710571289,0.0018134117126464844,0.001615762710571289,,,,,,,,,,,,,,,,,,,,,,,,,,
29,0.0015022754669189453,0.0015976428985595703,0.0017695426940917969,0.0015707015991210938,0.0015757083892822266,0.001668691635131836,,,,,,,,,,,,,,,,,,,,,,,,,,
30,0.0014545917510986328,0.001558542251586914,0.0017845630645751953,0.0015807151794433594,0.0018877983093261719,0.0016164779663085938,,,,,,,,,,,,,,,,,,,,,,,,,,
31,0.001520395278930664,0.0016832351684570312,0.0016384124755859375,0.00171661376953125,,,,,,,,,,,,,,,,,,,,,,,,,,,,
32,0.0014324188232421875,0.0015380382537841797,0.00199127197265625,0.0016546249389648438,0.0016772747039794922,0.001710653305053711,0.0016055107116699219,0.0016448497772216797,0.0017991065979003906,,,,,,,,,,,,,,,,,,,,,,,
33,0.0015294551849365234,0.0016677379608154297,0.001552581787109375,0.0020363330841064453,,,,,,,,,,,,,,,,,,,,,,,,,,,,
34,0.0015358924865722656,0.0016703605651855469,0.0015676021575927734,0.0016629695892333984,,,,,,,,,,,,,,,,,,,,,,,,,,,,
35,0.0015306472778320312,0.0018661022186279297,0.0015757083892822266,0.0017511844635009766,0.0016396045684814453,0.0016627311706542969,0.0018239021301269531,0.0016188621520996094,0.0016016960144042969,,,,,,,,,,,,,,,,,,,,,,,
36,0.0016276836395263672,0.001562356948852539,0.0020313262939453125,0.0016474723815917969,,,,,,,,,,,,,,,,,,,,,,,,,,,,
37,0.0015523433685302734,0.0015599727630615234,0.0018835067749023438,0.0016062259674072266,0.0016436576843261719,0.0015950202941894531,0.0016329288482666016,0.0016357898712158203,,,,,,,,,,,,,,,,,,,,,,,,
38,0.0014503002166748047,0.0017628669738769531,0.001535177230834961,0.0016667842864990234,0.0016353130340576172,0.0016775131225585938,,,,,,,,,,,,,,,,,,,,,,,,,,
39,0.0017066001892089844,0.001650094985961914,0.0015609264373779297,0.0017659664154052734,0.0015914440155029297,0.0016531944274902344,0.0016472339630126953,0.001676797866821289,,,,,,,,,,,,,,,,,,,,,,,,
40,0.0015087127685546875,0.0017917156219482422,0.001642465591430664,0.0018756389617919922,0.0015769004821777344,0.0016713142395019531,0.0017971992492675781,0.0016176700592041016,0.0015883445739746094,0.001714944839477539,0.0016329288482666016,0.001642465591430664,0.0020668506622314453,0.0016281604766845703,,,,,,,,,,,,,,,,,,
41,0.001583099365234375,0.0016968250274658203,0.0015749931335449219,0.0018205642700195312,,,,,,,,,,,,,,,,,,,,,,,,,,,,
42,0.0016026496887207031,0.0015561580657958984,0.0018596649169921875,0.001580953598022461,0.0016224384307861328,0.0016782283782958984,,,,,,,,,,,,,,,,,,,,,,,,,,
43,0.0015687942504882812,0.0017485618591308594,0.0015745162963867188,0.0015833377838134766,0.001706838607788086,0.0016303062438964844,0.0015559196472167969,,,,,,,,,,,,,,,,,,,,,,,,,
44,0.0014488697052001953,0.001589059829711914,0.002046346664428711,0.0016162395477294922,0.0016443729400634766,0.0017359256744384766,0.001608133316040039,0.0016257762908935547,,,,,,,,,,,,,,,,,,,,,,,,
45,0.0018794536590576172,0.001621246337890625,0.0016007423400878906,0.001695394515991211,0.0016143321990966797,,,,,,,,,,,,,,,,,,,,,,,,,,,
46,0.0015773773193359375,0.0017995834350585938,0.0016758441925048828,0.0016021728515625,,,,,,,,,,,,,,,,,,,,,,,,,,,,
47,0.0016181468963623047,0.0015714168548583984,0.0016224384307861328,0.002030611038208008,0.001689910888671875,0.0016262531280517578,,,,,,,,,,,,,,,,,,,,,,,,,,
48,0.001485586166381836,0.001649618148803711,0.0015916824340820312,0.0015835762023925781,,,,,,,,,,,,,,,,,,,,,,,,,,,,
49,0.0015208721160888672,0.0016245841979980469,0.0017752647399902344,0.0015773773193359375,0.0018229484558105469,0.0016069412231445312,0.0016415119171142578,0.001810312271118164,0.0017473697662353516,0.0016434192657470703,,,,,,,,,,,,,,,,,,,,,,
