,0,1,2,3,4,5,6,7,8,9,10,11,12,13,14,15,16,17
0.0,1.541832447052002,1.398432970046997,1.0720574855804443,0.5668134689331055,0.27425432205200195,,,,,,,,,,,,,
1.0,1.3426666259765625,1.2660937309265137,0.9336659908294678,0.34075069427490234,0.10834193229675293,,,,,,,,,,,,,
2.0,1.3150615692138672,1.129547357559204,0.7093322277069092,0.309070348739624,,,,,,,,,,,,,,
3.0,1.5634889602661133,1.383925199508667,1.1504769325256348,0.983680248260498,0.39755940437316895,0.08246302604675293,,,,,,,,,,,,
4.0,1.4598846435546875,1.0158681869506836,0.45699501037597656,0.7259104251861572,0.06765198707580566,,,,,,,,,,,,,
5.0,1.0765535831451416,0.7347240447998047,0.25871706008911133,,,,,,,,,,,,,,,
6.0,1.4781887531280518,1.0131731033325195,0.510779857635498,0.16890764236450195,,,,,,,,,,,,,,
7.0,1.2341506481170654,0.8972904682159424,0.3703739643096924,,,,,,,,,,,,,,,
8.0,1.5941112041473389,1.4431335926055908,1.5111842155456543,1.0631492137908936,0.6971569061279297,0.44721269607543945,0.39238858222961426,0.0840916633605957,,,,,,,,,,
9.0,1.5066051483154297,1.3770756721496582,0.9265167713165283,0.4225587844848633,0.07542252540588379,,,,,,,,,,,,,
10.0,1.3961498737335205,1.488478422164917,1.0859553813934326,0.706679105758667,0.3975226879119873,0.09662890434265137,,,,,,,,,,,,
11.0,1.3547782897949219,1.37367582321167,1.110743761062622,0.7926859855651855,0.07259511947631836,,,,,,,,,,,,,
12.0,1.4104130268096924,1.4369721412658691,0.8600914478302002,0.5725700855255127,0.24314594268798828,,,,,,,,,,,,,
13.0,1.5875482559204102,1.2479431629180908,0.9036097526550293,0.48244166374206543,0.12289738655090332,,,,,,,,,,,,,
14.0,1.3314437866210938,1.1474835872650146,0.09362626075744629,,,,,,,,,,,,,,,
15.0,1.5600783824920654,1.3175230026245117,0.506782054901123,0.09475040435791016,,,,,,,,,,,,,,
16.0,1.227790355682373,1.191831350326538,0.47174596786499023,0.09799742698669434,,,,,,,,,,,,,,
17.0,1.6081292629241943,1.7444233894348145,1.2928380966186523,1.1095449924468994,0.8624095916748047,1.016944169998169,0.4185163974761963,0.06255674362182617,,,,,,,,,,
18.0,1.6019554138183594,1.7666311264038086,1.3218212127685547,0.916306734085083,0.4670219421386719,0.1939084529876709,,,,,,,,,,,,
19.0,1.5563063621520996,1.4188177585601807,1.2055292129516602,0.5978920459747314,0.18108034133911133,,,,,,,,,,,,,
20.0,1.3535053730010986,0.9575455188751221,0.6516208648681641,0.2854132652282715,,,,,,,,,,,,,,
21.0,1.3419380187988281,1.4028387069702148,1.333632230758667,0.8444936275482178,0.5821068286895752,,,,,,,,,,,,,
22.0,1.2918860912322998,0.8986086845397949,0.5685584545135498,0.22969722747802734,,,,,,,,,,,,,,
23.0,1.261570692062378,0.764601469039917,1.013866901397705,0.6780600547790527,0.5843634605407715,0.30666255950927734,0.06134438514709473,,,,,,,,,,,
24.0,1.2216908931732178,0.9505717754364014,0.6726558208465576,0.23484420776367188,,,,,,,,,,,,,,
25.0,1.3716068267822266,0.7627031803131104,0.37671518325805664,,,,,,,,,,,,,,,
26.0,1.35072660446167,1.2423372268676758,0.44589948654174805,0.06839871406555176,,,,,,,,,,,,,,
27.0,1.385380744934082,1.405113697052002,1.0481975078582764,1.1586785316467285,1.0035476684570312,0.49713730812072754,,,,,,,,,,,,
28.0,0.8222610950469971,0.3125,,,,,,,,,,,,,,,,
29.0,1.51985764503479,1.5696580410003662,1.4600622653961182,1.2862651348114014,1.1137394905090332,1.1156821250915527,0.8750333786010742,0.813892126083374,0.1663985252380371,,,,,,,,,
30.0,1.2913248538970947,0.9094321727752686,0.33607935905456543,,,,,,,,,,,,,,,
31.0,1.0826940536499023,0.863300085067749,0.11535930633544922,,,,,,,,,,,,,,,
32.0,1.180255651473999,1.1399452686309814,0.09425926208496094,,,,,,,,,,,,,,,
33.0,1.2942137718200684,1.4473626613616943,1.1180379390716553,0.07421255111694336,,,,,,,,,,,,,,
34.0,1.6304242610931396,1.3696982860565186,0.7552814483642578,0.6147174835205078,0.3204479217529297,0.0671684741973877,,,,,,,,,,,,
35.0,1.4884109497070312,1.296104907989502,0.7686872482299805,0.5417580604553223,0.16636395454406738,,,,,,,,,,,,,
36.0,1.443786859512329,1.1414883136749268,0.09329462051391602,,,,,,,,,,,,,,,
37.0,1.1382529735565186,1.0560133457183838,0.274608850479126,,,,,,,,,,,,,,,
38.0,1.5599491596221924,1.4390716552734375,0.9974675178527832,0.629457950592041,0.3725767135620117,0.3255331516265869,0.8222076892852783,0.8552796840667725,1.0385279655456543,0.9385561943054199,0.7992227077484131,0.4702310562133789,0.432697057723999,0.05515313148498535,,,,
39.0,1.1816363334655762,1.248429536819458,0.09943962097167969,,,,,,,,,,,,,,,
40.0,1.3661918640136719,1.4176156520843506,0.7892329692840576,0.44040918350219727,0.06954264640808105,,,,,,,,,,,,,
41.0,1.0400846004486084,0.3965728282928467,0.06941771507263184,,,,,,,,,,,,,,,
42.0,1.438718318939209,1.284435749053955,0.8838529586791992,0.5051393508911133,0.3161637783050537,0.1181480884552002,,,,,,,,,,,,
43.0,1.4849956035614014,1.643449306488037,1.2647967338562012,0.9100527763366699,0.41582822799682617,0.14963793754577637,,,,,,,,,,,,
44.0,1.4438867568969727,1.3846211433410645,1.1102790832519531,0.7168459892272949,0.4071340560913086,0.10497689247131348,,,,,,,,,,,,
45.0,1.2999207973480225,1.2972888946533203,0.6901402473449707,0.09377765655517578,,,,,,,,,,,,,,
46.0,1.4009020328521729,1.321211338043213,0.3814272880554199,0.06549692153930664,,,,,,,,,,,,,,
47.0,1.3779394626617432,1.243488073348999,1.3341498374938965,1.0873119831085205,0.21346116065979004,,,,,,,,,,,,,
48.0,1.3654060363769531,1.0779955387115479,1.1970758438110352,0.7397572994232178,1.1597423553466797,0.7151954174041748,0.08951997756958008,,,,,,,,,,,
49.0,1.4059054851531982,1.5776867866516113,1.556617021560669,1.2267653942108154,0.9255738258361816,0.6985719203948975,0.3236098289489746,0.08626914024353027,,,,,,,,,,
0.0,1.5064177513122559,1.1955947875976562,0.6878628730773926,0.09740042686462402,,,,,,,,,,,,,,
1.0,1.378288745880127,1.1634716987609863,0.43256449699401855,0.06565737724304199,,,,,,,,,,,,,,
2.0,1.197540044784546,1.5292117595672607,1.6508662700653076,0.6593201160430908,0.3773224353790283,0.06439876556396484,,,,,,,,,,,,
3.0,1.2231948375701904,0.7915709018707275,0.3778262138366699,0.06524491310119629,,,,,,,,,,,,,,
4.0,1.223254919052124,1.211226224899292,0.8978431224822998,0.5783534049987793,0.08690023422241211,,,,,,,,,,,,,
5.0,1.2084839344024658,1.1804120540618896,0.4165916442871094,0.09519171714782715,,,,,,,,,,,,,,
6.0,1.1866252422332764,1.224607229232788,0.7738618850708008,0.5560815334320068,0.06574773788452148,,,,,,,,,,,,,
7.0,1.2534446716308594,1.0351965427398682,0.8376774787902832,0.48722338676452637,0.4402499198913574,0.376147985458374,0.06267452239990234,,,,,,,,,,,
8.0,1.1954352855682373,1.185669183731079,0.5142161846160889,0.07535386085510254,,,,,,,,,,,,,,
9.0,1.3266918659210205,1.6833977699279785,1.0107307434082031,0.7868421077728271,0.5242431163787842,,,,,,,,,,,,,
10.0,1.1854517459869385,1.3760571479797363,0.5528867244720459,0.0668935775756836,,,,,,,,,,,,,,
11.0,1.1456522941589355,0.9371073246002197,0.7191944122314453,0.7770938873291016,0.58528733253479,0.06505608558654785,,,,,,,,,,,,
12.0,1.184432029724121,1.3850047588348389,1.0728943347930908,0.7013347148895264,0.09701108932495117,,,,,,,,,,,,,
13.0,1.2257986068725586,1.339716911315918,0.6756408214569092,0.06634879112243652,,,,,,,,,,,,,,
14.0,1.2030668258666992,1.1042513847351074,0.6819732189178467,0.0657188892364502,,,,,,,,,,,,,,
15.0,1.2044634819030762,0.8927762508392334,0.49671101570129395,0.13258147239685059,,,,,,,,,,,,,,
16.0,1.2558557987213135,1.312004804611206,0.5322461128234863,0.06998538970947266,,,,,,,,,,,,,,
17.0,1.2022767066955566,1.1749515533447266,0.5412752628326416,0.06465435028076172,,,,,,,,,,,,,,
18.0,1.2483415603637695,1.1038641929626465,0.9976880550384521,0.7993569374084473,0.559368371963501,,,,,,,,,,,,,
19.0,1.341808795928955,1.6685094833374023,0.39847779273986816,0.07927107810974121,,,,,,,,,,,,,,
20.0,1.2133941650390625,0.7640957832336426,0.37430238723754883,0.0653679370880127,,,,,,,,,,,,,,
21.0,1.3164479732513428,1.1292192935943604,0.8557167053222656,0.737647533416748,0.2883121967315674,,,,,,,,,,,,,
22.0,1.2334375381469727,1.7608356475830078,1.1614089012145996,0.9702823162078857,0.6714377403259277,0.3565218448638916,0.1376793384552002,,,,,,,,,,,
23.0,1.1447722911834717,1.6063816547393799,0.4171919822692871,0.07096695899963379,,,,,,,,,,,,,,
24.0,1.1477153301239014,0.9311871528625488,0.5809333324432373,0.10961771011352539,,,,,,,,,,,,,,
25.0,1.2878711223602295,1.3582262992858887,0.46418333053588867,0.06491279602050781,,,,,,,,,,,,,,
26.0,1.3174397945404053,1.1165282726287842,0.4449760913848877,0.1011960506439209,,,,,,,,,,,,,,
27.0,1.315417766571045,1.2038331031799316,1.0570495128631592,0.8749840259552002,0.6019003391265869,0.4841651916503906,0.07085227966308594,,,,,,,,,,,
28.0,1.3299050331115723,1.6354777812957764,1.0824694633483887,0.7473695278167725,0.4835948944091797,0.06178450584411621,,,,,,,,,,,,
29.0,1.1640923023223877,1.5124969482421875,1.0659570693969727,0.8233475685119629,0.4510335922241211,0.15183782577514648,,,,,,,,,,,,
30.0,1.2232551574707031,1.5070538520812988,0.539867639541626,0.1470017433166504,,,,,,,,,,,,,,
31.0,1.1994233131408691,0.7883284091949463,0.8888382911682129,0.3849344253540039,0.06384754180908203,,,,,,,,,,,,,
32.0,1.2086925506591797,1.7100958824157715,0.4980936050415039,0.06510162353515625,,,,,,,,,,,,,,
33.0,1.162534475326538,0.9059128761291504,0.4787259101867676,0.22949647903442383,,,,,,,,,,,,,,
34.0,1.2658586502075195,1.2053296566009521,0.4208805561065674,0.08900833129882812,,,,,,,,,,,,,,
35.0,1.1559007167816162,1.6819031238555908,1.0842533111572266,0.7965359687805176,0.6701867580413818,0.346935510635376,0.06267237663269043,,,,,,,,,,,
36.0,1.226653814315796,1.212467908859253,0.4172673225402832,0.09546804428100586,,,,,,,,,,,,,,
37.0,1.3426775932312012,1.2250995635986328,0.638136625289917,0.2888777256011963,0.4253196716308594,0.3313586711883545,0.15122294425964355,,,,,,,,,,,
38.0,1.1576173305511475,1.6336188316345215,0.5353295803070068,0.07047343254089355,,,,,,,,,,,,,,
39.0,1.2307209968566895,0.7714097499847412,0.4308130741119385,0.0662071704864502,,,,,,,,,,,,,,
40.0,1.2440736293792725,0.9831230640411377,1.025963306427002,1.0259337425231934,0.5139133930206299,,,,,,,,,,,,,
41.0,1.2957377433776855,1.642686128616333,1.8524458408355713,0.38149023056030273,0.07056427001953125,,,,,,,,,,,,,
42.0,1.1631171703338623,1.289858102798462,0.633906364440918,0.21036958694458008,,,,,,,,,,,,,,
43.0,1.1944363117218018,1.0654149055480957,0.5664613246917725,0.06581854820251465,,,,,,,,,,,,,,
44.0,1.3363544940948486,1.2161245346069336,1.2960245609283447,0.9885013103485107,0.7839555740356445,0.38431763648986816,,,,,,,,,,,,
45.0,1.2272276878356934,1.5778813362121582,1.0507190227508545,0.41659045219421387,,,,,,,,,,,,,,
46.0,1.1779658794403076,1.4255611896514893,1.2545485496520996,1.0613574981689453,0.9475746154785156,0.6599390506744385,0.35947561264038086,,,,,,,,,,,
47.0,1.2049286365509033,1.3849425315856934,0.7747464179992676,0.5833127498626709,0.12920022010803223,,,,,,,,,,,,,
48.0,1.1727898120880127,1.4585931301116943,1.831038475036621,0.6189813613891602,0.5121383666992188,0.3989088535308838,0.06272387504577637,,,,,,,,,,,
49.0,1.1422762870788574,1.4026460647583008,0.47721195220947266,0.26193714141845703,,,,,,,,,,,,,,
0.0,1.090061902999878,0.5838296413421631,0.10480761528015137,,,,,,,,,,,,,,,
1.0,1.3476510047912598,1.295750379562378,1.076202154159546,0.5271406173706055,0.06584835052490234,,,,,,,,,,,,,
2.0,1.0811128616333008,0.741058349609375,0.5598354339599609,0.06464910507202148,,,,,,,,,,,,,,
3.0,1.028994083404541,1.1771659851074219,0.851384162902832,0.6510231494903564,0.24314188957214355,,,,,,,,,,,,,
4.0,1.222121000289917,1.196763038635254,0.9271628856658936,0.7471156120300293,0.7914321422576904,0.5566012859344482,0.6051545143127441,0.43706512451171875,0.39759349822998047,0.2862718105316162,,,,,,,,
5.0,1.3048996925354004,0.5383725166320801,0.11656713485717773,,,,,,,,,,,,,,,
6.0,1.0286502838134766,0.3823378086090088,0.06604766845703125,,,,,,,,,,,,,,,
7.0,0.9619266986846924,0.815448522567749,0.7688140869140625,0.6898255348205566,0.8394448757171631,0.3489511013031006,,,,,,,,,,,,
8.0,1.4396250247955322,1.0166544914245605,0.3767099380493164,0.06467366218566895,,,,,,,,,,,,,,
9.0,1.3239219188690186,0.44371700286865234,0.1190497875213623,,,,,,,,,,,,,,,
10.0,1.4438481330871582,1.2273058891296387,0.8016777038574219,0.8128607273101807,0.4952583312988281,0.31468820571899414,0.3668556213378906,0.14887595176696777,,,,,,,,,,
11.0,1.039245843887329,0.47965145111083984,0.07189416885375977,,,,,,,,,,,,,,,
12.0,1.316143274307251,1.3303718566894531,1.0058012008666992,1.1121621131896973,0.8440597057342529,0.9529218673706055,0.3036458492279053,,,,,,,,,,,
13.0,0.9732635021209717,0.6579868793487549,0.15695834159851074,,,,,,,,,,,,,,,
14.0,1.287071943283081,0.4919300079345703,0.15040230751037598,,,,,,,,,,,,,,,
15.0,1.3661623001098633,1.0523457527160645,0.06824707984924316,,,,,,,,,,,,,,,
16.0,0.8705451488494873,0.9592978954315186,0.6488635540008545,0.09199309349060059,,,,,,,,,,,,,,
17.0,1.329702377319336,0.44751524925231934,0.09458017349243164,,,,,,,,,,,,,,,
18.0,1.2782225608825684,0.9109358787536621,0.37427663803100586,0.06481313705444336,,,,,,,,,,,,,,
19.0,1.2507476806640625,1.1636106967926025,0.4112377166748047,0.17936205863952637,,,,,,,,,,,,,,
20.0,1.1746294498443604,0.9234449863433838,0.6339161396026611,0.48784637451171875,0.11512303352355957,,,,,,,,,,,,,
21.0,1.3854827880859375,1.137326955795288,0.5034899711608887,0.08597588539123535,,,,,,,,,,,,,,
22.0,1.2111320495605469,1.0938427448272705,0.8140161037445068,0.5163388252258301,0.25725317001342773,,,,,,,,,,,,,
23.0,1.3276617527008057,0.732464075088501,0.3650033473968506,0.06451773643493652,,,,,,,,,,,,,,
24.0,1.3016140460968018,0.813593864440918,0.3881702423095703,0.06542301177978516,,,,,,,,,,,,,,
25.0,1.2341792583465576,1.0286734104156494,0.7039573192596436,0.09964895248413086,,,,,,,,,,,,,,
26.0,1.4497594833374023,1.0477988719940186,0.7025775909423828,,,,,,,,,,,,,,,
27.0,1.3453986644744873,1.1091809272766113,0.8546421527862549,0.23769688606262207,,,,,,,,,,,,,,
28.0,1.0756263732910156,0.8307569026947021,0.9556899070739746,0.6512467861175537,0.3501279354095459,,,,,,,,,,,,,
29.0,1.124474048614502,0.6664237976074219,0.27461767196655273,,,,,,,,,,,,,,,
30.0,1.440831184387207,0.4663197994232178,0.07496023178100586,,,,,,,,,,,,,,,
31.0,1.2925693988800049,1.4188573360443115,1.0770831108093262,0.7922215461730957,0.6545517444610596,0.35395359992980957,0.23914647102355957,,,,,,,,,,,
32.0,0.9044132232666016,0.5498151779174805,0.0644981861114502,,,,,,,,,,,,,,,
33.0,1.2209827899932861,0.8637850284576416,0.06583333015441895,,,,,,,,,,,,,,,
34.0,1.1736574172973633,1.040283441543579,0.41877293586730957,0.11525607109069824,,,,,,,,,,,,,,
35.0,1.0840611457824707,0.7273187637329102,0.3802173137664795,0.0664820671081543,,,,,,,,,,,,,,
36.0,1.2742505073547363,0.8675410747528076,0.371870756149292,0.0643010139465332,,,,,,,,,,,,,,
37.0,1.137901782989502,1.0753638744354248,0.10075640678405762,,,,,,,,,,,,,,,
38.0,1.3384945392608643,0.75986647605896,0.3603196144104004,0.07022500038146973,,,,,,,,,,,,,,
39.0,1.1375372409820557,0.8711767196655273,0.36844921112060547,0.07032036781311035,,,,,,,,,,,,,,
40.0,1.2803239822387695,1.1726481914520264,0.5291614532470703,0.09277510643005371,,,,,,,,,,,,,,
41.0,1.4948146343231201,0.7840907573699951,0.36525440216064453,0.06837654113769531,,,,,,,,,,,,,,
42.0,0.8913998603820801,1.1897666454315186,0.6315484046936035,0.651890754699707,0.36757349967956543,0.14816617965698242,,,,,,,,,,,,
43.0,1.1311986446380615,0.9008677005767822,0.6114094257354736,0.2834799289703369,,,,,,,,,,,,,,
44.0,1.1940083503723145,1.1837787628173828,0.5342512130737305,0.2625465393066406,0.23231244087219238,,,,,,,,,,,,,
45.0,0.9178650379180908,0.374401330947876,0.06411385536193848,,,,,,,,,,,,,,,
46.0,1.327850341796875,1.3279237747192383,1.284438133239746,0.824298620223999,0.2720041275024414,,,,,,,,,,,,,
47.0,1.266312599182129,1.1700448989868164,1.1270885467529297,1.0121972560882568,0.6225502490997314,1.0283119678497314,0.9819977283477783,0.7821733951568604,0.39146876335144043,0.19649529457092285,0.2161881923675537,0.678736686706543,0.6042678356170654,0.34094929695129395,0.19417762756347656,0.1022791862487793,0.0483553409576416,
48.0,1.2190346717834473,0.9471428394317627,0.06431341171264648,,,,,,,,,,,,,,,
49.0,1.1474921703338623,1.1386654376983643,1.0355827808380127,0.6649553775787354,0.09311056137084961,,,,,,,,,,,,,
0.0,1.4956536293029785,1.248777151107788,0.4181499481201172,0.0928962230682373,,,,,,,,,,,,,,
1.0,1.809546947479248,1.728980302810669,1.5026423931121826,1.4824235439300537,1.0683481693267822,0.7303206920623779,0.16866588592529297,,,,,,,,,,,
2.0,1.4303739070892334,1.466444730758667,1.5025460720062256,1.1663320064544678,1.1313273906707764,0.7508692741394043,0.4149496555328369,0.12427234649658203,,,,,,,,,,
3.0,1.420356273651123,1.435286521911621,1.0465905666351318,0.7102718353271484,0.3963170051574707,0.35778212547302246,,,,,,,,,,,,
4.0,1.1234841346740723,0.8881509304046631,0.5992066860198975,0.25710320472717285,,,,,,,,,,,,,,
5.0,1.141272783279419,1.0329453945159912,0.5857558250427246,0.33674120903015137,,,,,,,,,,,,,,
6.0,1.3390190601348877,1.1558568477630615,0.8301131725311279,0.5858931541442871,0.2779512405395508,,,,,,,,,,,,,
7.0,1.3725833892822266,1.580009937286377,1.1812663078308105,0.8636140823364258,0.6377947330474854,0.47074270248413086,0.18734049797058105,,,,,,,,,,,
8.0,1.0050008296966553,0.7152607440948486,0.2638685703277588,,,,,,,,,,,,,,,
9.0,1.494856595993042,1.351938247680664,1.0997450351715088,0.6266839504241943,0.3463320732116699,0.077484130859375,,,,,,,,,,,,
10.0,1.0626797676086426,0.8885629177093506,0.6058814525604248,0.22885680198669434,,,,,,,,,,,,,,
11.0,1.5298032760620117,1.2007715702056885,0.9638051986694336,0.5900719165802002,0.07650256156921387,,,,,,,,,,,,,
12.0,1.388092279434204,1.602466106414795,1.0706429481506348,0.7850980758666992,0.5133569240570068,0.0767824649810791,,,,,,,,,,,,
13.0,1.3333191871643066,1.5648393630981445,1.0674173831939697,0.5890402793884277,0.3649919033050537,0.07229304313659668,,,,,,,,,,,,
14.0,1.157970905303955,0.9842312335968018,0.7591705322265625,0.2867317199707031,,,,,,,,,,,,,,
15.0,1.3546335697174072,1.3116612434387207,1.0768907070159912,1.473499059677124,1.541736364364624,1.389216423034668,1.2238812446594238,1.045011281967163,0.9274599552154541,0.9183318614959717,0.7881879806518555,0.3018944263458252,0.07926321029663086,,,,,
16.0,1.469881296157837,0.9298291206359863,0.5604212284088135,0.15609979629516602,,,,,,,,,,,,,,
17.0,1.3238019943237305,1.2658653259277344,1.2203712463378906,0.8832979202270508,0.5904541015625,0.37793493270874023,,,,,,,,,,,,
18.0,1.3245525360107422,1.5940132141113281,1.294161081314087,0.9856743812561035,0.7723433971405029,0.39206600189208984,0.11322021484375,,,,,,,,,,,
19.0,1.6042344570159912,0.994255781173706,0.40336179733276367,0.07256412506103516,,,,,,,,,,,,,,
20.0,1.2879788875579834,1.0526597499847412,0.8413810729980469,0.5149190425872803,0.2311413288116455,,,,,,,,,,,,,
21.0,1.1476304531097412,1.1192352771759033,0.8089962005615234,0.32148146629333496,,,,,,,,,,,,,,
22.0,1.5155234336853027,1.2701799869537354,1.6541495323181152,0.7199211120605469,0.4243142604827881,,,,,,,,,,,,,
23.0,1.3576850891113281,1.682424545288086,1.1903002262115479,1.2283475399017334,1.014298915863037,1.2137877941131592,0.9526216983795166,0.8993651866912842,1.0198709964752197,0.9290831089019775,0.7748687267303467,0.5914754867553711,0.360626220703125,0.3217439651489258,0.2218935489654541,0.13694047927856445,0.07380270957946777,
24.0,1.3409245014190674,1.3389477729797363,1.2399137020111084,0.7522010803222656,0.4209730625152588,,,,,,,,,,,,,
25.0,1.4228172302246094,1.3803153038024902,1.2009482383728027,0.7893989086151123,0.5790445804595947,0.31278109550476074,0.07631683349609375,,,,,,,,,,,
26.0,1.278933048248291,1.1264076232910156,0.7469115257263184,0.3919031620025635,0.08760285377502441,,,,,,,,,,,,,
27.0,1.3609578609466553,0.9251387119293213,0.5235409736633301,0.2146916389465332,,,,,,,,,,,,,,
28.0,1.4209048748016357,1.2588722705841064,0.9125609397888184,0.7401065826416016,0.4106106758117676,0.10627317428588867,,,,,,,,,,,,
29.0,0.9994785785675049,0.6889896392822266,0.266979455947876,,,,,,,,,,,,,,,
30.0,1.4508707523345947,1.2548975944519043,1.0508410930633545,0.49413204193115234,0.07036709785461426,,,,,,,,,,,,,
31.0,1.167862892150879,0.9446506500244141,0.4315450191497803,0.08706879615783691,,,,,,,,,,,,,,
32.0,1.3921525478363037,1.2491841316223145,0.842766523361206,0.8583574295043945,0.4313035011291504,0.08439850807189941,,,,,,,,,,,,
33.0,1.434648036956787,1.3474369049072266,1.277827262878418,1.359976053237915,0.9117889404296875,0.7236194610595703,0.48005056381225586,0.21341371536254883,,,,,,,,,,
34.0,1.001523494720459,0.40452003479003906,0.0906987190246582,,,,,,,,,,,,,,,
35.0,1.1855981349945068,0.34056735038757324,,,,,,,,,,,,,,,,
36.0,1.390268087387085,1.2709980010986328,1.0424315929412842,0.653827428817749,0.41217875480651855,0.14271283149719238,,,,,,,,,,,,
37.0,0.8618183135986328,0.2902202606201172,,,,,,,,,,,,,,,,
38.0,1.0664288997650146,1.0115933418273926,0.9213118553161621,0.8950693607330322,0.4517335891723633,,,,,,,,,,,,,
39.0,1.3586087226867676,1.4664902687072754,1.3423519134521484,1.3508167266845703,0.837700605392456,0.4228065013885498,0.1542675495147705,,,,,,,,,,,
40.0,1.2655138969421387,0.983013391494751,0.5987913608551025,0.25817203521728516,,,,,,,,,,,,,,
41.0,1.3550667762756348,1.5249261856079102,1.1004884243011475,0.7685728073120117,0.4539642333984375,0.07904672622680664,,,,,,,,,,,,
42.0,1.04654860496521,1.1209564208984375,0.5460038185119629,0.3613762855529785,0.07893872261047363,,,,,,,,,,,,,
43.0,1.806751012802124,1.5984971523284912,1.3913650512695312,1.4971439838409424,1.6379873752593994,1.351670742034912,1.2071125507354736,1.4907491207122803,1.0434441566467285,1.1354668140411377,0.3986024856567383,0.25240635871887207,0.08806610107421875,,,,,
44.0,1.3808541297912598,0.9697554111480713,0.41138505935668945,0.06931114196777344,,,,,,,,,,,,,,
45.0,1.6368744373321533,1.6393296718597412,1.452272891998291,1.396216869354248,1.2642135620117188,1.0098686218261719,0.8728837966918945,0.560291051864624,0.34513330459594727,0.059099435806274414,,,,,,,,
46.0,1.1427628993988037,1.3542289733886719,0.5064256191253662,0.07945966720581055,,,,,,,,,,,,,,
47.0,1.145798921585083,0.8585126399993896,0.8964083194732666,0.8292665481567383,0.20989441871643066,,,,,,,,,,,,,
48.0,1.4028754234313965,1.252239465713501,0.7109429836273193,0.24915552139282227,,,,,,,,,,,,,,
49.0,1.3099217414855957,1.059311866760254,0.7031781673431396,0.5801920890808105,0.2729651927947998,0.11919045448303223,,,,,,,,,,,,
0.0,1.5404245853424072,1.3168354034423828,0.8504552841186523,0.5444867610931396,0.18798446655273438,,,,,,,,,,,,,
1.0,1.1615986824035645,1.5695796012878418,1.029961109161377,0.5554337501525879,0.5139949321746826,,,,,,,,,,,,,
2.0,1.2220613956451416,0.8921778202056885,0.46057677268981934,0.1585996150970459,,,,,,,,,,,,,,
3.0,1.2393622398376465,1.585545301437378,1.6694650650024414,1.331918716430664,1.1706533432006836,0.9088194370269775,0.8536019325256348,0.23679661750793457,,,,,,,,,,
4.0,1.350005865097046,0.7645471096038818,0.37885284423828125,0.06637740135192871,,,,,,,,,,,,,,
5.0,1.1576600074768066,1.1762547492980957,0.8736615180969238,0.3985271453857422,0.11796164512634277,,,,,,,,,,,,,
6.0,1.223999261856079,0.8815114498138428,0.3787226676940918,0.06466889381408691,,,,,,,,,,,,,,
7.0,1.2823352813720703,1.8132076263427734,1.0997157096862793,1.1256108283996582,1.3427157402038574,1.0775964260101318,0.7109570503234863,0.19773054122924805,,,,,,,,,,
8.0,1.2378900051116943,1.5258660316467285,1.7007803916931152,0.4213440418243408,0.06637144088745117,,,,,,,,,,,,,
9.0,1.238546371459961,1.3715589046478271,0.6572918891906738,0.0691683292388916,,,,,,,,,,,,,,
10.0,1.2197213172912598,1.2076280117034912,0.9453554153442383,0.5378599166870117,0.24646854400634766,,,,,,,,,,,,,
11.0,1.3997752666473389,1.278256893157959,0.7314417362213135,0.07922029495239258,,,,,,,,,,,,,,
12.0,1.2326200008392334,1.4292643070220947,0.46335339546203613,0.065277099609375,,,,,,,,,,,,,,
13.0,1.245149850845337,1.3196825981140137,0.49390101432800293,0.06522941589355469,,,,,,,,,,,,,,
14.0,1.2475628852844238,1.3771369457244873,0.46492624282836914,0.079193115234375,,,,,,,,,,,,,,
15.0,1.369558334350586,1.3931734561920166,1.3003439903259277,0.8652234077453613,0.15871334075927734,,,,,,,,,,,,,
16.0,1.1377739906311035,1.6045196056365967,1.9539496898651123,1.6562671661376953,0.595740556716919,0.3505074977874756,0.07831096649169922,,,,,,,,,,,
17.0,1.2038240432739258,1.126995325088501,0.8221840858459473,0.5008010864257812,0.23083162307739258,,,,,,,,,,,,,
18.0,1.2579905986785889,1.2119364738464355,0.9380745887756348,1.2660834789276123,0.9114000797271729,0.5614736080169678,0.06245231628417969,,,,,,,,,,,
19.0,1.1814661026000977,1.347153663635254,0.3502638339996338,,,,,,,,,,,,,,,
20.0,1.2282941341400146,1.5367116928100586,0.5667300224304199,0.08664369583129883,,,,,,,,,,,,,,
21.0,1.2451066970825195,0.8140983581542969,0.7932226657867432,0.7755997180938721,1.2064480781555176,1.004549264907837,0.8743655681610107,0.7180206775665283,0.6038405895233154,0.43737077713012695,0.31563591957092285,0.29750633239746094,,,,,,
22.0,1.2144982814788818,1.0198826789855957,1.1028602123260498,0.9768245220184326,0.8738503456115723,0.8543758392333984,0.712519645690918,0.7693285942077637,0.8504664897918701,0.7773749828338623,0.760390043258667,0.17035436630249023,,,,,,
23.0,1.3723607063293457,0.9585883617401123,0.46422505378723145,0.13390040397644043,,,,,,,,,,,,,,
24.0,1.3128116130828857,1.5302979946136475,1.433905839920044,1.2140388488769531,0.9425699710845947,0.2745354175567627,,,,,,,,,,,,
25.0,1.2482523918151855,1.088791847229004,0.8246285915374756,0.49605655670166016,0.21328139305114746,,,,,,,,,,,,,
26.0,1.3046109676361084,0.7676570415496826,0.44519853591918945,0.06560492515563965,,,,,,,,,,,,,,
27.0,1.3298962116241455,1.253772497177124,0.9909381866455078,0.6835997104644775,0.35240912437438965,0.06396102905273438,,,,,,,,,,,,
28.0,1.2244174480438232,1.5590839385986328,0.4600245952606201,0.11814355850219727,,,,,,,,,,,,,,
29.0,1.2577540874481201,0.8664970397949219,0.8920207023620605,0.4351310729980469,0.10744643211364746,,,,,,,,,,,,,
30.0,1.270618200302124,1.2407703399658203,0.8460500240325928,0.3936476707458496,0.3453056812286377,0.06328916549682617,,,,,,,,,,,,
31.0,1.2403554916381836,1.45725417137146,0.5791745185852051,0.06511616706848145,,,,,,,,,,,,,,
32.0,1.2065727710723877,1.1425015926361084,0.5172605514526367,0.07293391227722168,,,,,,,,,,,,,,
33.0,1.2088935375213623,1.1395702362060547,0.7781188488006592,0.4380786418914795,0.42399001121520996,0.09660029411315918,,,,,,,,,,,,
34.0,1.2125017642974854,1.367915391921997,0.5767083168029785,0.3156139850616455,0.5410664081573486,0.069610595703125,,,,,,,,,,,,
35.0,1.2200181484222412,0.7622849941253662,0.8619532585144043,0.3854951858520508,0.06248140335083008,,,,,,,,,,,,,
36.0,1.2274165153503418,0.8116593360900879,0.3799145221710205,0.06496191024780273,,,,,,,,,,,,,,
37.0,1.2400236129760742,0.7634005546569824,0.3728344440460205,0.06524443626403809,,,,,,,,,,,,,,
38.0,1.235733985900879,1.181105375289917,0.9418909549713135,0.5292291641235352,0.09473371505737305,,,,,,,,,,,,,
39.0,1.2134406566619873,1.1376643180847168,0.41819334030151367,0.10221648216247559,,,,,,,,,,,,,,
40.0,1.216878890991211,1.1392998695373535,1.2650504112243652,1.3484437465667725,0.4332733154296875,0.06165170669555664,,,,,,,,,,,,
41.0,1.2620749473571777,0.9642021656036377,0.6850695610046387,1.0708823204040527,0.8005406856536865,0.5067331790924072,0.2074899673461914,,,,,,,,,,,
42.0,1.2552804946899414,1.6461138725280762,1.9046645164489746,0.43285179138183594,0.06467676162719727,,,,,,,,,,,,,
43.0,1.2914950847625732,1.6224455833435059,1.4507532119750977,1.0890495777130127,1.0634992122650146,0.6525259017944336,0.7828683853149414,0.32410645484924316,0.10571885108947754,,,,,,,,,
44.0,1.2079026699066162,1.5164358615875244,0.590186595916748,0.06664085388183594,,,,,,,,,,,,,,
45.0,1.350827693939209,0.8217148780822754,0.5520899295806885,0.06666731834411621,,,,,,,,,,,,,,
46.0,1.2246572971343994,1.278615951538086,0.4190373420715332,0.0951993465423584,,,,,,,,,,,,,,
47.0,1.3556842803955078,1.2572941780090332,0.8902463912963867,0.5017983913421631,,,,,,,,,,,,,,
48.0,1.1975009441375732,1.6242139339447021,1.0344140529632568,0.9099142551422119,0.9545538425445557,0.2244431972503662,,,,,,,,,,,,
49.0,1.152529001235962,1.3675436973571777,1.8873138427734375,1.7140161991119385,0.602097749710083,0.3512694835662842,0.11943292617797852,,,,,,,,,,,
0.0,1.807765007019043,1.3015997409820557,0.6258723735809326,,,,,,,,,,,,,,,
1.0,1.7296302318572998,1.8515663146972656,1.4963335990905762,1.002194881439209,1.0354604721069336,0.6543519496917725,0.3451542854309082,0.4208717346191406,,,,,,,,,,
2.0,1.9789032936096191,2.1707427501678467,1.880699634552002,1.5154845714569092,1.2465403079986572,0.6888856887817383,0.23956513404846191,,,,,,,,,,,
3.0,1.3984370231628418,0.3778812885284424,,,,,,,,,,,,,,,,
4.0,2.263335943222046,2.2698447704315186,2.1285336017608643,1.8320703506469727,1.348726511001587,0.8645989894866943,0.3284893035888672,,,,,,,,,,,
5.0,1.871614694595337,1.702876329421997,1.4120311737060547,0.875084400177002,1.2845978736877441,0.6194159984588623,1.5095014572143555,1.5742154121398926,1.4651944637298584,1.3758196830749512,1.3384666442871094,1.0893845558166504,0.8107662200927734,0.5559978485107422,0.290693998336792,0.18555140495300293,0.09292936325073242,
6.0,1.6622424125671387,1.0876963138580322,0.4003114700317383,,,,,,,,,,,,,,,
7.0,1.4978818893432617,1.114271879196167,0.5215291976928711,0.48499059677124023,,,,,,,,,,,,,,
8.0,2.328545570373535,2.4086525440216064,2.0009727478027344,1.4341707229614258,0.9039852619171143,0.6179890632629395,,,,,,,,,,,,
9.0,1.6392722129821777,0.7636456489562988,0.16231465339660645,,,,,,,,,,,,,,,
10.0,2.1722493171691895,1.811647891998291,1.3139317035675049,0.8336715698242188,0.10633707046508789,,,,,,,,,,,,,
11.0,1.8594257831573486,1.7452080249786377,0.9060873985290527,0.1262061595916748,,,,,,,,,,,,,,
12.0,1.7777786254882812,0.9619300365447998,0.3929102420806885,,,,,,,,,,,,,,,
13.0,1.9085667133331299,2.105820655822754,2.0257461071014404,1.6818327903747559,1.2692124843597412,1.3986995220184326,1.4321112632751465,1.3655285835266113,1.0892267227172852,1.1264069080352783,0.8181571960449219,,,,,,,
14.0,1.8726868629455566,1.6191298961639404,1.0230963230133057,0.617720365524292,0.14514493942260742,,,,,,,,,,,,,
15.0,2.0435194969177246,1.9602868556976318,1.7653653621673584,1.0362741947174072,0.6746282577514648,0.22424817085266113,,,,,,,,,,,,
16.0,2.171269178390503,1.9738514423370361,1.487994909286499,0.9509904384613037,0.1456749439239502,,,,,,,,,,,,,
17.0,2.3099875450134277,2.0319936275482178,1.4364025592803955,1.061889886856079,0.5865931510925293,,,,,,,,,,,,,
18.0,1.6114928722381592,1.5024592876434326,1.020329475402832,0.7987387180328369,0.41944050788879395,0.3635246753692627,,,,,,,,,,,,
19.0,1.521376609802246,1.0548663139343262,0.37742018699645996,,,,,,,,,,,,,,,
20.0,1.6382641792297363,1.8449413776397705,1.7305810451507568,1.609327793121338,0.9716365337371826,0.6125059127807617,1.2384848594665527,,,,,,,,,,,
21.0,1.6918041706085205,1.8855586051940918,2.6062934398651123,2.2865612506866455,1.9016380310058594,1.9820959568023682,1.8555169105529785,1.6127264499664307,1.0014188289642334,0.5868887901306152,1.2941956520080566,1.1570568084716797,0.89461350440979,0.6090438365936279,0.38616204261779785,0.3033759593963623,0.13621044158935547,
22.0,2.1508381366729736,1.6089837551116943,1.1734533309936523,1.5904443264007568,1.304283618927002,1.3676347732543945,1.3161001205444336,1.482926368713379,1.4966864585876465,1.2666263580322266,1.197585105895996,1.0644419193267822,0.8083477020263672,0.491152286529541,0.2836935520172119,0.18384051322937012,0.08859658241271973,
23.0,1.8296306133270264,1.5732417106628418,1.096442699432373,0.2724018096923828,,,,,,,,,,,,,,
24.0,1.8432393074035645,1.3516292572021484,0.7920103073120117,0.14744877815246582,,,,,,,,,,,,,,
25.0,2.0258500576019287,1.5150034427642822,1.0907220840454102,0.9441800117492676,0.5177514553070068,,,,,,,,,,,,,
26.0,1.9709126949310303,1.8926715850830078,1.2015459537506104,0.7955100536346436,0.14752483367919922,,,,,,,,,,,,,
27.0,1.985544204711914,1.7659327983856201,1.4760785102844238,1.746617317199707,1.6309585571289062,1.1889588832855225,0.6540002822875977,0.11841869354248047,,,,,,,,,,
28.0,1.5700221061706543,1.3281443119049072,0.3628349304199219,,,,,,,,,,,,,,,
29.0,1.2215595245361328,0.3803670406341553,,,,,,,,,,,,,,,,
30.0,1.6446917057037354,1.354933738708496,0.15979599952697754,,,,,,,,,,,,,,,
31.0,2.0547027587890625,1.9776322841644287,1.3899188041687012,0.8852555751800537,0.6577703952789307,0.13448190689086914,,,,,,,,,,,,
32.0,2.0564827919006348,1.66908860206604,1.6878113746643066,1.3387925624847412,0.4773883819580078,,,,,,,,,,,,,
33.0,1.922670602798462,2.1232593059539795,1.5710277557373047,1.076812982559204,0.657379150390625,0.11152172088623047,,,,,,,,,,,,
34.0,1.618269443511963,1.1986560821533203,0.5491743087768555,,,,,,,,,,,,,,,
35.0,1.922947883605957,1.992936134338379,1.253103256225586,0.1361086368560791,,,,,,,,,,,,,,
36.0,2.0889382362365723,2.272376775741577,2.1290817260742188,1.5145516395568848,0.7873971462249756,,,,,,,,,,,,,
37.0,2.1363465785980225,1.8721287250518799,1.1721141338348389,0.7900962829589844,0.25226855278015137,,,,,,,,,,,,,
38.0,1.859001636505127,1.1480255126953125,1.8115553855895996,1.4261014461517334,0.8049032688140869,0.5889267921447754,0.16217279434204102,,,,,,,,,,,
39.0,1.7163989543914795,1.0939409732818604,0.6561434268951416,0.12903261184692383,,,,,,,,,,,,,,
40.0,1.8784704208374023,1.9194879531860352,1.3735859394073486,0.48374199867248535,,,,,,,,,,,,,,
41.0,1.8078060150146484,1.2172200679779053,1.0047359466552734,,,,,,,,,,,,,,,
42.0,2.322619676589966,1.8814074993133545,1.5323185920715332,0.8825390338897705,0.42176246643066406,,,,,,,,,,,,,
43.0,1.5785486698150635,1.5538816452026367,2.78519868850708,,2.11557674407959,1.7025654315948486,1.3652842044830322,0.8229990005493164,0.3023676872253418,,,,,,,,,
44.0,1.6547069549560547,0.7581307888031006,0.12338662147521973,,,,,,,,,,,,,,,
45.0,2.27510929107666,2.069727659225464,2.230541706085205,1.5666544437408447,1.213984489440918,0.6661849021911621,,,,,,,,,,,,
46.0,1.986025094985962,1.7963635921478271,1.6986157894134521,1.5149927139282227,0.955761194229126,0.8686602115631104,0.9525864124298096,0.6253478527069092,,,,,,,,,,
47.0,2.02934193611145,1.673490285873413,1.2079277038574219,,,,,,,,,,,,,,,
48.0,2.052511692047119,1.961780071258545,1.8471026420593262,1.4948859214782715,0.7896971702575684,1.344078540802002,1.2803924083709717,0.1840527057647705,,,,,,,,,,
49.0,1.3551974296569824,0.38646841049194336,,,,,,,,,,,,,,,,
0.0,2.311831474304199,1.426013469696045,0.6129879951477051,0.1602175235748291,,,,,,,,,,,,,,
1.0,1.7327289581298828,2.4665000438690186,2.714906692504883,2.411020040512085,1.2578344345092773,0.6179788112640381,0.12180399894714355,,,,,,,,,,,
2.0,2.180851697921753,1.4297032356262207,0.8189029693603516,0.1470174789428711,,,,,,,,,,,,,,
3.0,2.204749822616577,2.4903316497802734,1.6704199314117432,1.391319751739502,1.9982237815856934,1.7414851188659668,1.2270910739898682,1.7761626243591309,1.577310562133789,1.3003604412078857,1.244041919708252,0.5554084777832031,,,,,,
4.0,2.1776580810546875,1.4195258617401123,0.7031970024108887,0.12944531440734863,,,,,,,,,,,,,,
5.0,1.931790828704834,1.568004846572876,1.1693542003631592,0.7244229316711426,0.31947851181030273,,,,,,,,,,,,,
6.0,1.7722842693328857,2.935987710952759,1.6620469093322754,1.1413328647613525,0.7793138027191162,,,,,,,,,,,,,
7.0,2.34363055229187,1.434462308883667,0.737621545791626,0.10474300384521484,,,,,,,,,,,,,,
8.0,1.6579394340515137,1.7572572231292725,0.5592293739318848,0.10599303245544434,,,,,,,,,,,,,,
9.0,1.6971523761749268,1.6788811683654785,1.6432619094848633,0.8494811058044434,0.32523059844970703,,,,,,,,,,,,,
10.0,2.2338154315948486,2.367452621459961,1.0631382465362549,0.21467065811157227,,,,,,,,,,,,,,
11.0,2.0830507278442383,1.7942447662353516,1.0124180316925049,0.5877997875213623,0.48326587677001953,0.10041999816894531,,,,,,,,,,,,
12.0,1.6757807731628418,2.2782187461853027,1.7144947052001953,1.809739589691162,0.5823845863342285,,,,,,,,,,,,,
13.0,1.9416637420654297,2.5030972957611084,0.8378362655639648,0.12293004989624023,,,,,,,,,,,,,,
14.0,1.9522809982299805,1.271970510482788,0.5746200084686279,0.1041264533996582,,,,,,,,,,,,,,
15.0,1.5351762771606445,1.8524110317230225,1.7048110961914062,1.3484179973602295,1.173252820968628,1.213993787765503,,,,,,,,,,,,
16.0,1.9450972080230713,2.249399185180664,0.9958720207214355,0.12362980842590332,,,,,,,,,,,,,,
17.0,1.9502928256988525,2.4287259578704834,1.4244937896728516,0.755702018737793,0.4070150852203369,,,,,,,,,,,,,
18.0,1.7921292781829834,1.0410921573638916,0.5242726802825928,0.1020667552947998,,,,,,,,,,,,,,
19.0,1.6126666069030762,1.055699348449707,0.6570584774017334,0.12193036079406738,,,,,,,,,,,,,,
20.0,1.9334063529968262,1.3194937705993652,0.7526793479919434,0.12291860580444336,,,,,,,,,,,,,,
21.0,2.067817449569702,2.5209152698516846,1.6548657417297363,1.2001092433929443,1.060100793838501,0.3883359432220459,,,,,,,,,,,,
22.0,1.6925091743469238,2.1333515644073486,2.881237268447876,0.6634585857391357,0.14418745040893555,,,,,,,,,,,,,
23.0,2.2993311882019043,2.3565733432769775,1.7552001476287842,0.9946777820587158,0.6223347187042236,0.10264945030212402,,,,,,,,,,,,
24.0,1.7849581241607666,2.2589869499206543,1.6837828159332275,0.9242994785308838,1.5144128799438477,1.4625396728515625,1.3660573959350586,0.45049452781677246,,,,,,,,,,
25.0,2.1870107650756836,2.0309054851531982,0.9456429481506348,0.4067966938018799,,,,,,,,,,,,,,
26.0,1.9920227527618408,1.4820656776428223,1.5497896671295166,1.309692144393921,1.4481961727142334,1.5326244831085205,1.2189536094665527,1.3217058181762695,1.3816919326782227,1.3296525478363037,1.2224986553192139,0.8372395038604736,,,,,,
27.0,2.132009267807007,2.0320746898651123,1.4968533515930176,0.5545806884765625,0.381824254989624,0.10665392875671387,,,,,,,,,,,,
28.0,1.6856036186218262,2.2917542457580566,0.8128137588500977,0.17322373390197754,,,,,,,,,,,,,,
29.0,1.7375810146331787,2.267549514770508,1.7406871318817139,1.1688742637634277,0.6464102268218994,0.12658357620239258,,,,,,,,,,,,
30.0,2.132659673690796,2.689208984375,1.2313904762268066,0.5433962345123291,0.12173604965209961,,,,,,,,,,,,,
31.0,1.9450480937957764,1.498976469039917,0.736790657043457,0.10507583618164062,,,,,,,,,,,,,,
32.0,1.9652988910675049,1.1409549713134766,1.5346591472625732,0.8132131099700928,0.2356710433959961,,,,,,,,,,,,,
33.0,2.282547950744629,2.6603713035583496,2.141824960708618,1.3067512512207031,0.9719815254211426,0.4264638423919678,,,,,,,,,,,,
34.0,1.7712173461914062,2.2389931678771973,1.7028520107269287,0.8418519496917725,,,,,,,,,,,,,,
35.0,2.2391958236694336,2.0387778282165527,1.583460807800293,0.9202210903167725,0.40196681022644043,,,,,,,,,,,,,
36.0,1.911909818649292,1.785811424255371,2.0752675533294678,0.5679903030395508,0.10317707061767578,,,,,,,,,,,,,
37.0,1.7590739727020264,2.26912784576416,,0.7386157512664795,0.14456963539123535,,,,,,,,,,,,,
38.0,2.1741414070129395,1.4022009372711182,0.6905324459075928,0.1422412395477295,,,,,,,,,,,,,,
39.0,1.9367928504943848,1.9111928939819336,1.6906249523162842,1.3307173252105713,0.4774627685546875,,,,,,,,,,,,,
40.0,1.784221887588501,1.7432100772857666,1.81351900100708,1.1802630424499512,0.664067268371582,0.1286025047302246,,,,,,,,,,,,
41.0,2.173131227493286,1.4586894512176514,0.7617573738098145,0.12511825561523438,,,,,,,,,,,,,,
42.0,2.171475410461426,2.242276906967163,2.209507942199707,1.8455424308776855,1.6809613704681396,1.4066684246063232,1.0436220169067383,1.618025779724121,1.1040852069854736,1.3350579738616943,1.4282383918762207,1.4851679801940918,1.1715741157531738,0.3040895462036133,,,,
43.0,2.358863592147827,2.5301527976989746,1.9815382957458496,0.737093448638916,0.49118995666503906,0.10596585273742676,,,,,,,,,,,,
44.0,1.759767770767212,2.3969569206237793,1.914510726928711,1.2855370044708252,,1.93424391746521,1.6557648181915283,1.637768268585205,1.531543493270874,0.7433762550354004,,,,,,,,
45.0,1.694457769393921,2.457369565963745,0.83221435546875,0.17395830154418945,,,,,,,,,,,,,,
46.0,1.8139090538024902,2.893881320953369,1.8858132362365723,0.9600493907928467,0.9409518241882324,,,,,,,,,,,,,
47.0,2.303569793701172,2.8018975257873535,2.5174002647399902,0.5546741485595703,0.10782241821289062,,,,,,,,,,,,,
48.0,1.7801845073699951,1.1265106201171875,0.6320772171020508,0.10869860649108887,,,,,,,,,,,,,,
49.0,1.751725673675537,2.543571949005127,2.2967724800109863,1.5417053699493408,1.5362765789031982,1.1757519245147705,0.11775064468383789,,,,,,,,,,,
0.0,1.8132433891296387,2.1143839359283447,0.6203353404998779,0.10565686225891113,,,,,,,,,,,,,,
1.0,1.771806240081787,1.7241673469543457,1.3770174980163574,0.7925055027008057,0.36893177032470703,,,,,,,,,,,,,
2.0,1.9190764427185059,1.1099090576171875,1.27754545211792,0.5852670669555664,0.10873174667358398,,,,,,,,,,,,,
3.0,1.6823806762695312,2.310224771499634,1.5217921733856201,1.020733118057251,0.6642494201660156,0.13568353652954102,,,,,,,,,,,,
4.0,1.7659497261047363,1.124828815460205,0.5571386814117432,0.11498069763183594,,,,,,,,,,,,,,
5.0,1.7719061374664307,1.5602362155914307,0.6341912746429443,0.10797953605651855,,,,,,,,,,,,,,
6.0,1.7995350360870361,2.4449517726898193,1.6716365814208984,1.465019702911377,1.9883487224578857,1.6919047832489014,1.6410579681396484,1.1795709133148193,,,,,,,,,,
7.0,1.7376956939697266,1.1683986186981201,0.5636589527130127,0.10811686515808105,,,,,,,,,,,,,,
8.0,1.9205822944641113,1.9228856563568115,2.3679916858673096,0.5476834774017334,0.1328108310699463,,,,,,,,,,,,,
9.0,1.7613518238067627,1.125074863433838,0.6143221855163574,0.10744404792785645,,,,,,,,,,,,,,
10.0,1.7883596420288086,2.222259283065796,1.668337345123291,1.3985724449157715,1.0358211994171143,0.3240065574645996,,,,,,,,,,,,
11.0,1.7515947818756104,2.180861234664917,1.2451128959655762,0.994570255279541,0.6447672843933105,0.10552740097045898,,,,,,,,,,,,
12.0,1.6590120792388916,1.7111058235168457,1.278123140335083,0.8227200508117676,0.4282395839691162,,,,,,,,,,,,,
13.0,1.6873364448547363,2.5023193359375,1.4749867916107178,1.1751132011413574,0.5339257717132568,,,,,,,,,,,,,
14.0,1.820862054824829,1.7974295616149902,1.394061803817749,0.9443342685699463,0.5158424377441406,0.11001110076904297,,,,,,,,,,,,
15.0,1.840620517730713,1.79306960105896,0.789078950881958,0.11484003067016602,,,,,,,,,,,,,,
16.0,1.9332561492919922,1.5541777610778809,1.0170564651489258,0.11202764511108398,,,,,,,,,,,,,,
17.0,1.7621195316314697,2.5442488193511963,0.8467044830322266,0.10838031768798828,,,,,,,,,,,,,,
18.0,1.828794240951538,2.3142809867858887,2.4552114009857178,1.9763143062591553,1.531524896621704,1.3317301273345947,1.3079755306243896,0.35648441314697266,,,,,,,,,,
19.0,1.7435555458068848,2.559314489364624,,,,1.9488756656646729,1.755476474761963,1.2383060455322266,,,,,,,,,,
20.0,1.825965166091919,1.201155662536621,0.5768990516662598,0.11176228523254395,,,,,,,,,,,,,,
21.0,1.7802152633666992,2.1976728439331055,0.7137348651885986,0.1604905128479004,,,,,,,,,,,,,,
22.0,1.8168106079101562,1.7050042152404785,1.2186741828918457,0.6017522811889648,0.14394593238830566,,,,,,,,,,,,,
23.0,1.7995569705963135,1.2918972969055176,0.6286194324493408,0.16519498825073242,,,,,,,,,,,,,,
24.0,1.942251205444336,1.3387200832366943,0.6019890308380127,0.10929393768310547,,,,,,,,,,,,,,
25.0,1.8311617374420166,1.165229082107544,0.5685467720031738,0.10852956771850586,,,,,,,,,,,,,,
26.0,2.026582956314087,1.9254114627838135,1.4121713638305664,0.9508137702941895,0.5245702266693115,0.10600066184997559,,,,,,,,,,,,
27.0,1.9843461513519287,1.1992323398590088,0.7480788230895996,0.10770535469055176,,,,,,,,,,,,,,
28.0,1.8164498805999756,1.1899771690368652,0.6236224174499512,0.11294174194335938,,,,,,,,,,,,,,
29.0,1.8796405792236328,2.1971302032470703,2.463829278945923,2.1679821014404297,1.7985014915466309,1.7196071147918701,1.6176974773406982,1.1793849468231201,,,,,,,,,,
30.0,1.7807204723358154,2.3643527030944824,1.5380797386169434,0.8086891174316406,0.42882204055786133,,,,,,,,,,,,,
31.0,1.7831640243530273,1.5053207874298096,1.0326685905456543,0.6057107448577881,0.5310301780700684,0.10204410552978516,,,,,,,,,,,,
32.0,1.8244798183441162,1.124276876449585,0.5555984973907471,0.10906052589416504,,,,,,,,,,,,,,
33.0,1.7840831279754639,2.194077253341675,1.732682228088379,1.0858588218688965,0.673713207244873,0.13792777061462402,,,,,,,,,,,,
34.0,1.7960472106933594,1.5172309875488281,0.9869470596313477,0.24903535842895508,,,,,,,,,,,,,,
35.0,1.8013756275177002,1.7448852062225342,1.399108648300171,0.9305541515350342,0.518897533416748,0.10543394088745117,,,,,,,,,,,,
36.0,1.754589319229126,2.1665542125701904,1.5492331981658936,0.6210675239562988,,,,,,,,,,,,,,
37.0,1.8457918167114258,1.6927549839019775,1.2978360652923584,0.7933640480041504,0.5549228191375732,,,,,,,,,,,,,
38.0,1.8226408958435059,1.1955280303955078,0.5787010192871094,0.10804629325866699,,,,,,,,,,,,,,
39.0,1.871431589126587,1.8208532333374023,0.6488463878631592,0.11648273468017578,,,,,,,,,,,,,,
40.0,1.7325918674468994,2.561223268508911,,0.5584118366241455,0.12514543533325195,,,,,,,,,,,,,
41.0,1.9308712482452393,1.634209156036377,1.316903829574585,0.766242265701294,,,,,,,,,,,,,,
42.0,1.8115158081054688,1.1520161628723145,0.5619313716888428,0.10746932029724121,,,,,,,,,,,,,,
43.0,1.896939992904663,1.7202363014221191,1.4854044914245605,0.5072021484375,,,,,,,,,,,,,,
44.0,1.7286005020141602,1.5939240455627441,1.1929211616516113,1.2020034790039062,0.6270968914031982,,,,,,,,,,,,,
45.0,1.7853171825408936,1.1887097358703613,1.3433334827423096,0.8403244018554688,0.5506219863891602,0.12025785446166992,,,,,,,,,,,,
46.0,1.8377876281738281,1.1526198387145996,1.3145320415496826,0.6562540531158447,0.1046302318572998,,,,,,,,,,,,,
47.0,1.8235905170440674,1.1998376846313477,0.5652096271514893,0.10778212547302246,,,,,,,,,,,,,,
48.0,1.8188705444335938,2.3021769523620605,1.8427376747131348,1.4503023624420166,1.0904021263122559,0.33068251609802246,,,,,,,,,,,,
49.0,1.7842025756835938,2.3933918476104736,1.792017936706543,1.5096993446350098,1.3318846225738525,1.1569669246673584,0.7062039375305176,,,,,,,,,,,
0.0,1.8150172233581543,2.1060216426849365,1.6943371295928955,0.6003847122192383,,,,,,,,,,,,,,
1.0,1.7314527034759521,1.5769524574279785,1.1513919830322266,0.7215056419372559,0.3226041793823242,,,,,,,,,,,,,
2.0,1.6952946186065674,2.075021266937256,1.4320950508117676,1.176675796508789,0.7186374664306641,,,,,,,,,,,,,
3.0,1.7496492862701416,1.1486115455627441,0.5586080551147461,0.10811424255371094,,,,,,,,,,,,,,
4.0,1.7601187229156494,1.5021612644195557,1.0317988395690918,0.5764806270599365,0.12942266464233398,,,,,,,,,,,,,
5.0,1.741988182067871,2.3975279331207275,2.6640992164611816,2.4299557209014893,1.9232141971588135,1.6464159488677979,1.4721310138702393,0.986799955368042,,,,,,,,,,
6.0,1.915860652923584,1.094832420349121,0.6031684875488281,0.10867667198181152,,,,,,,,,,,,,,
7.0,1.843818187713623,1.7274155616760254,1.3947679996490479,0.9235868453979492,0.513533353805542,0.11305546760559082,,,,,,,,,,,,
8.0,1.6557137966156006,2.386432409286499,1.4037940502166748,1.7206673622131348,1.8982083797454834,1.5034246444702148,1.0487091541290283,0.32656073570251465,,,,,,,,,,
9.0,1.6383163928985596,2.4399702548980713,2.762754201889038,0.555931568145752,0.10427093505859375,,,,,,,,,,,,,
10.0,1.7481303215026855,2.473707675933838,1.473102331161499,1.1746690273284912,0.5307915210723877,,,,,,,,,,,,,
11.0,1.8182966709136963,1.171147108078003,0.570995569229126,0.1107645034790039,,,,,,,,,,,,,,
12.0,1.8141334056854248,2.066967010498047,0.7669179439544678,0.10834765434265137,,,,,,,,,,,,,,
13.0,1.8231031894683838,2.27872371673584,2.503964424133301,2.3213703632354736,0.8910617828369141,0.5467276573181152,0.11609506607055664,,,,,,,,,,,
14.0,1.8034930229187012,2.3215770721435547,2.5217113494873047,2.199484348297119,0.9049789905548096,0.527064323425293,0.12372708320617676,,,,,,,,,,,
15.0,1.745412826538086,2.4945297241210938,1.1306300163269043,1.12272310256958,0.7350201606750488,,,,,,,,,,,,,
16.0,1.7300026416778564,2.298593044281006,1.965691328048706,1.8406882286071777,0.5063643455505371,,,,,,,,,,,,,
17.0,1.9937858581542969,1.7681670188903809,0.7702517509460449,0.18600225448608398,,,,,,,,,,,,,,
18.0,1.7213549613952637,2.5203239917755127,1.1364245414733887,0.5549514293670654,0.11006498336791992,,,,,,,,,,,,,
19.0,1.829010248184204,2.081231117248535,1.9089479446411133,1.8584308624267578,1.4714422225952148,1.4339179992675781,1.3157579898834229,1.288832426071167,0.7690606117248535,1.0314304828643799,0.9279711246490479,1.3210852146148682,0.8400096893310547,0.7858755588531494,0.6711275577545166,0.34379005432128906,0.20237994194030762,0.12425971031188965
20.0,1.7865161895751953,1.7037479877471924,1.2911806106567383,0.8256721496582031,0.7559823989868164,,,,,,,,,,,,,
21.0,1.7637896537780762,2.207986354827881,2.433359146118164,2.1489977836608887,1.7798104286193848,1.6730871200561523,1.4663667678833008,1.1549806594848633,,,,,,,,,,
22.0,1.7977635860443115,2.332794189453125,2.814521551132202,,2.158707618713379,1.6568548679351807,1.2771000862121582,1.0427310466766357,1.0103271007537842,,,,,,,,,
23.0,1.7741129398345947,1.1599721908569336,1.2136878967285156,0.5621726512908936,0.5360686779022217,0.10490632057189941,,,,,,,,,,,,
24.0,1.7624917030334473,2.015082359313965,0.6552994251251221,0.12904953956604004,,,,,,,,,,,,,,
25.0,1.7356183528900146,1.2330639362335205,0.6456313133239746,0.10852193832397461,,,,,,,,,,,,,,
26.0,1.7808258533477783,2.3049845695495605,0.7243533134460449,0.11030101776123047,,,,,,,,,,,,,,
27.0,1.729377031326294,2.5083041191101074,,,0.9785408973693848,0.4917430877685547,0.1099858283996582,,,,,,,,,,,
28.0,1.9900047779083252,2.084334373474121,1.9947450160980225,0.8578157424926758,0.43646669387817383,0.13273048400878906,,,,,,,,,,,,
29.0,1.7839324474334717,2.279284715652466,1.709148645401001,0.9146416187286377,0.9314215183258057,0.514305830001831,0.10761904716491699,,,,,,,,,,,
30.0,1.8273539543151855,1.1402993202209473,0.5584414005279541,0.11327052116394043,,,,,,,,,,,,,,
31.0,1.7370645999908447,2.119384765625,2.5732765197753906,2.2440433502197266,0.8821494579315186,0.5356369018554688,0.11710333824157715,,,,,,,,,,,
32.0,1.858933448791504,2.669614791870117,2.8876965045928955,,,1.9000144004821777,1.709282636642456,1.2755460739135742,0.9387655258178711,,,,,,,,,
33.0,1.8194332122802734,1.7578959465026855,1.4026415348052979,0.9238801002502441,0.5175437927246094,0.18812823295593262,,,,,,,,,,,,
34.0,2.000059127807617,1.5167407989501953,1.0398237705230713,0.6054918766021729,0.5240616798400879,0.1025700569152832,,,,,,,,,,,,
35.0,1.6897072792053223,2.3332467079162598,1.29469633102417,1.0641272068023682,0.9201173782348633,,,,,,,,,,,,,
36.0,1.7696690559387207,1.7408621311187744,1.3815369606018066,0.9340837001800537,0.5193321704864502,0.10437512397766113,,,,,,,,,,,,
37.0,1.7885034084320068,2.216872215270996,2.6148414611816406,2.1842541694641113,0.8893389701843262,0.5347013473510742,0.1184394359588623,,,,,,,,,,,
38.0,1.727903127670288,2.132920026779175,2.570326566696167,2.240466356277466,1.6883621215820312,1.3428699970245361,0.9219174385070801,0.4156348705291748,,,,,,,,,,
39.0,1.8115525245666504,1.7862510681152344,1.409480094909668,0.809495210647583,0.34093451499938965,,,,,,,,,,,,,
40.0,2.0438919067382812,1.20074462890625,0.6273899078369141,0.11016488075256348,,,,,,,,,,,,,,
41.0,1.8135473728179932,1.7990238666534424,0.6253275871276855,0.15308833122253418,,,,,,,,,,,,,,
42.0,1.7230689525604248,2.154853105545044,2.5470006465911865,2.220724105834961,0.9201145172119141,0.5436646938323975,0.10822939872741699,,,,,,,,,,,
43.0,1.8306407928466797,1.5309267044067383,1.0632414817810059,0.6001684665679932,0.6099448204040527,0.20476865768432617,,,,,,,,,,,,
44.0,1.7367029190063477,2.489741325378418,2.904991865158081,2.420985460281372,1.9325947761535645,1.2782516479492188,1.5630359649658203,1.1671380996704102,1.1474153995513916,1.0776844024658203,1.0408039093017578,1.1266727447509766,0.9449493885040283,0.8383264541625977,0.5977261066436768,0.30742335319519043,0.16943860054016113,0.08127450942993164
45.0,1.7477364540100098,2.3695120811462402,1.3374040126800537,1.0682594776153564,0.9401049613952637,,,,,,,,,,,,,
46.0,1.8307278156280518,1.7932319641113281,1.4024314880371094,1.6676383018493652,1.3222036361694336,1.0341076850891113,0.10518121719360352,,,,,,,,,,,
47.0,1.7969508171081543,1.7659010887145996,1.4036033153533936,0.9221587181091309,0.5328567028045654,0.10403013229370117,,,,,,,,,,,,
48.0,1.750830888748169,1.1505556106567383,0.7148115634918213,0.20045042037963867,,,,,,,,,,,,,,
49.0,1.741934061050415,1.1179113388061523,1.2623634338378906,0.6160097122192383,0.10772824287414551,,,,,,,,,,,,,
